<?xml version = '1.0' encoding = 'UTF-8'?>
<relationalModel class="oracle.dbtools.crest.model.design.relational.RelationalDesign" name="3_CC2_GROUPE1_MPD_DM1" id="0D30C259-A35A-185A-1C93-1FD0F96DDA32" mainViewID="9B196D23-7521-6040-800B-0A78D38D37B1">
<createdBy>root</createdBy>
<createdTime>2022-10-29 11:22:09 UTC</createdTime>
<ownerDesignName>DSID_BTM_WRK_DM1</ownerDesignName>
<shouldBeOpen>true</shouldBeOpen>
<selectedRDBMSSite>32076570-2523-435C-2E92-BF29817DFF70</selectedRDBMSSite>
</relationalModel>