<?xml version = '1.0' encoding = 'UTF-8'?>
<Table class="oracle.dbtools.crest.model.design.relational.Table" directorySegmentName="seg_0" id="020D9DC0-2723-549D-2ECE-40E4C04598EC" schemaObject="BC44846D-E65D-C470-148D-5DE6FB293433" name="ETAT_BORNE">
<createdBy>root</createdBy>
<createdTime>2022-10-27 12:17:27 UTC</createdTime>
<ownerDesignName>1_CC2_GROUPE1_MPD_SI_OPE</ownerDesignName>
<ordsAlias>table_8</ordsAlias>
<allowColumnReorder>false</allowColumnReorder>
<existDependencyGenerateInDDl>true</existDependencyGenerateInDDl>
<parsed>true</parsed>
<columns itemClass="oracle.dbtools.crest.model.design.relational.Column">
<Column name="ID_ETAT_BORNE" id="1C65985B-4985-712B-B5DD-CAA69F1D573F">
<createdBy>root</createdBy>
<createdTime>2022-10-27 12:20:11 UTC</createdTime>
<ownerDesignName>1_CC2_GROUPE1_MPD_SI_OPE</ownerDesignName>
<useDomainConstraints>false</useDomainConstraints>
<use>1</use>
<logicalDatatype>LOGDT019</logicalDatatype>
<ownDataTypeParameters>,,</ownDataTypeParameters>
<autoIncrementColumn>true</autoIncrementColumn>
<autoIncrementCycle>false</autoIncrementCycle>
<autoIncrementSequenceName>SEQ_ETAT_BORNE</autoIncrementSequenceName>
<autoIncrementGenerateTrigger>false</autoIncrementGenerateTrigger>
</Column>
<Column name="CODE_ETAT_BORNE" id="D17F3C79-5877-21E0-7625-DA8D60E044FD">
<createdBy>root</createdBy>
<createdTime>2022-10-27 12:20:11 UTC</createdTime>
<ownerDesignName>1_CC2_GROUPE1_MPD_SI_OPE</ownerDesignName>
<nullsAllowed>true</nullsAllowed>
<useDomainConstraints>false</useDomainConstraints>
<use>1</use>
<logicalDatatype>LOGDT024</logicalDatatype>
<dataTypeSize>5 CHAR</dataTypeSize>
<ownDataTypeParameters>5 CHAR,,</ownDataTypeParameters>
<autoIncrementCycle>false</autoIncrementCycle>
</Column>
<Column name="LIBELLE_ETAT_BORNE" id="2C0D0202-12F9-3016-F929-C27158A9BE1A">
<createdBy>root</createdBy>
<createdTime>2022-10-27 12:20:11 UTC</createdTime>
<ownerDesignName>1_CC2_GROUPE1_MPD_SI_OPE</ownerDesignName>
<nullsAllowed>true</nullsAllowed>
<useDomainConstraints>false</useDomainConstraints>
<use>1</use>
<logicalDatatype>LOGDT024</logicalDatatype>
<dataTypeSize>100 CHAR</dataTypeSize>
<ownDataTypeParameters>100 CHAR,,</ownDataTypeParameters>
<autoIncrementCycle>false</autoIncrementCycle>
</Column>
</columns>
<indexes itemClass="oracle.dbtools.crest.model.design.relational.Index">
<ind_PK_UK id="030A865F-72C5-9C90-8A34-80603CCA786A" name="STATUT_BORNE_PK">
<createdBy>root</createdBy>
<createdTime>2022-10-27 12:20:11 UTC</createdTime>
<ownerDesignName>1_CC2_GROUPE1_MPD_SI_OPE</ownerDesignName>
<pk>true</pk>
<indexState>Primary Constraint</indexState>
<isSurrogateKey>false</isSurrogateKey>
<indexColumnUsage>
<colUsage columnID="1C65985B-4985-712B-B5DD-CAA69F1D573F"/>
</indexColumnUsage>
</ind_PK_UK>
</indexes>
</Table>