<?xml version = '1.0' encoding = 'UTF-8'?>
<Table class="oracle.dbtools.crest.model.design.relational.Table" directorySegmentName="seg_0" id="2BA93732-E744-771E-79D6-2A5A6D9A701E" schemaObject="BC44846D-E65D-C470-148D-5DE6FB293433" name="VELO">
<createdBy>root</createdBy>
<createdTime>2022-10-27 12:58:58 UTC</createdTime>
<ownerDesignName>1_CC2_Groupe1_MPD_SI_OPE</ownerDesignName>
<ordsAlias>table_17</ordsAlias>
<allowColumnReorder>false</allowColumnReorder>
<existDependencyGenerateInDDl>true</existDependencyGenerateInDDl>
<parsed>true</parsed>
<columns itemClass="oracle.dbtools.crest.model.design.relational.Column">
<Column name="ID_VELO" id="FEFE42FB-583F-CEAC-B67D-11FD46E417A3">
<createdBy>root</createdBy>
<createdTime>2022-10-27 13:00:57 UTC</createdTime>
<ownerDesignName>1_CC2_Groupe1_MPD_SI_OPE</ownerDesignName>
<useDomainConstraints>false</useDomainConstraints>
<use>1</use>
<logicalDatatype>LOGDT019</logicalDatatype>
<ownDataTypeParameters>,,</ownDataTypeParameters>
<autoIncrementColumn>true</autoIncrementColumn>
<autoIncrementCycle>false</autoIncrementCycle>
<autoIncrementSequenceName>SEQ_VELO</autoIncrementSequenceName>
<autoIncrementGenerateTrigger>false</autoIncrementGenerateTrigger>
</Column>
<Column name="ID_BORNE" id="07D381F5-9DF4-82F5-D7F2-35F5AA197A85">
<createdBy>root</createdBy>
<createdTime>2022-10-27 13:00:57 UTC</createdTime>
<ownerDesignName>1_CC2_Groupe1_MPD_SI_OPE</ownerDesignName>
<useDomainConstraints>false</useDomainConstraints>
<use>1</use>
<logicalDatatype>LOGDT019</logicalDatatype>
<ownDataTypeParameters>,,</ownDataTypeParameters>
<autoIncrementCycle>false</autoIncrementCycle>
<associations>
<colAssociation fkAssociation="C6F70CCD-6B24-D3E3-3CAB-6EF518202D29" referredColumn="A099BFAF-ACF1-D695-0C3A-40218219A799"/>
</associations>
</Column>
<Column name="ID_TYPE_VELO" id="DEBBC276-3C4A-1FEF-6A30-0A701D544A5C">
<createdBy>root</createdBy>
<createdTime>2022-10-27 13:00:57 UTC</createdTime>
<ownerDesignName>1_CC2_Groupe1_MPD_SI_OPE</ownerDesignName>
<useDomainConstraints>false</useDomainConstraints>
<use>1</use>
<logicalDatatype>LOGDT019</logicalDatatype>
<ownDataTypeParameters>,,</ownDataTypeParameters>
<autoIncrementCycle>false</autoIncrementCycle>
<associations>
<colAssociation fkAssociation="02D7F1AD-9388-64BF-3109-DBB9CE3BE500" referredColumn="8B19E4C7-4298-358D-BFAB-79E86BF491A1"/>
</associations>
</Column>
<Column name="ID_ETAT_VELO" id="260B87B3-996E-A159-F45B-78153AC45015">
<createdBy>root</createdBy>
<createdTime>2022-10-27 13:00:57 UTC</createdTime>
<ownerDesignName>1_CC2_Groupe1_MPD_SI_OPE</ownerDesignName>
<useDomainConstraints>false</useDomainConstraints>
<use>1</use>
<logicalDatatype>LOGDT019</logicalDatatype>
<ownDataTypeParameters>,,</ownDataTypeParameters>
<autoIncrementCycle>false</autoIncrementCycle>
<associations>
<colAssociation fkAssociation="5E6BF2C0-7EED-DEC4-CEDE-12E1E11C846F" referredColumn="F3D98D76-E030-6793-F4C0-EDA10183D245"/>
</associations>
</Column>
<Column name="ID_PANNE" id="EF8A4340-FC65-5B54-CE45-3E8639DF7BAF">
<createdBy>root</createdBy>
<createdTime>2022-11-21 12:14:16 UTC</createdTime>
<ownerDesignName>1_CC2_Groupe1_MPD_SI_OPE</ownerDesignName>
<nullsAllowed>true</nullsAllowed>
<useDomainConstraints>false</useDomainConstraints>
<use>1</use>
<logicalDatatype>LOGDT019</logicalDatatype>
<ownDataTypeParameters>,,</ownDataTypeParameters>
<autoIncrementCycle>false</autoIncrementCycle>
<associations>
<colAssociation fkAssociation="ABDD7BF2-5605-03AE-3783-3865F1436383" referredColumn="3583D6A6-1B08-BEBD-EEEE-193D895768AB"/>
</associations>
</Column>
<Column name="CODE_VELO" id="6C7405FD-2207-68FB-2E23-146B8D77CC01">
<createdBy>root</createdBy>
<createdTime>2022-10-27 13:00:57 UTC</createdTime>
<ownerDesignName>1_CC2_Groupe1_MPD_SI_OPE</ownerDesignName>
<nullsAllowed>true</nullsAllowed>
<useDomainConstraints>false</useDomainConstraints>
<use>1</use>
<logicalDatatype>LOGDT024</logicalDatatype>
<dataTypeSize>10 CHAR</dataTypeSize>
<ownDataTypeParameters>10 CHAR,,</ownDataTypeParameters>
<autoIncrementCycle>false</autoIncrementCycle>
</Column>
<Column name="LIBELLE_VELO" id="E8698336-A904-9B20-F18D-E7766F8A28C1">
<createdBy>root</createdBy>
<createdTime>2022-10-27 13:00:57 UTC</createdTime>
<ownerDesignName>1_CC2_Groupe1_MPD_SI_OPE</ownerDesignName>
<nullsAllowed>true</nullsAllowed>
<useDomainConstraints>false</useDomainConstraints>
<use>1</use>
<logicalDatatype>LOGDT024</logicalDatatype>
<dataTypeSize>100 CHAR</dataTypeSize>
<ownDataTypeParameters>100 CHAR,,</ownDataTypeParameters>
<autoIncrementCycle>false</autoIncrementCycle>
</Column>
</columns>
<indexes itemClass="oracle.dbtools.crest.model.design.relational.Index">
<ind_PK_UK id="3660F865-AE16-CAB3-B222-4E8D846A9CB0" name="VELO_PK">
<createdBy>root</createdBy>
<createdTime>2022-10-27 13:00:57 UTC</createdTime>
<ownerDesignName>1_CC2_Groupe1_MPD_SI_OPE</ownerDesignName>
<pk>true</pk>
<indexState>Primary Constraint</indexState>
<isSurrogateKey>false</isSurrogateKey>
<indexColumnUsage>
<colUsage columnID="FEFE42FB-583F-CEAC-B67D-11FD46E417A3"/>
</indexColumnUsage>
</ind_PK_UK>
<ind_PK_UK id="BBF1034F-F563-5AA3-72CA-0AF85F3E5716" name="VELO_BORNE_FK">
<createdBy>root</createdBy>
<createdTime>2022-10-27 13:03:38 UTC</createdTime>
<ownerDesignName>1_CC2_Groupe1_MPD_SI_OPE</ownerDesignName>
<indexState>Foreign Key</indexState>
<isSurrogateKey>false</isSurrogateKey>
<indexColumnUsage>
<colUsage columnID="07D381F5-9DF4-82F5-D7F2-35F5AA197A85"/>
</indexColumnUsage>
</ind_PK_UK>
<ind_PK_UK id="320F0A0C-FE29-0530-A0C9-EA02FC918A04" name="VELO_ETAT_VELO_FK">
<createdBy>root</createdBy>
<createdTime>2022-10-27 13:14:46 UTC</createdTime>
<ownerDesignName>1_CC2_Groupe1_MPD_SI_OPE</ownerDesignName>
<indexState>Foreign Key</indexState>
<isSurrogateKey>false</isSurrogateKey>
<indexColumnUsage>
<colUsage columnID="260B87B3-996E-A159-F45B-78153AC45015"/>
</indexColumnUsage>
</ind_PK_UK>
<ind_PK_UK id="ACE73EF3-F700-A79D-2833-3B7D5494FF95" name="VELO_TYPE_VELO_FK">
<createdBy>root</createdBy>
<createdTime>2022-10-27 13:14:56 UTC</createdTime>
<ownerDesignName>1_CC2_Groupe1_MPD_SI_OPE</ownerDesignName>
<indexState>Foreign Key</indexState>
<isSurrogateKey>false</isSurrogateKey>
<indexColumnUsage>
<colUsage columnID="DEBBC276-3C4A-1FEF-6A30-0A701D544A5C"/>
</indexColumnUsage>
</ind_PK_UK>
<ind_PK_UK id="51546089-1E24-E710-2BFF-2665E7028109" name="VELO_PANNE_FK">
<createdBy>root</createdBy>
<createdTime>2022-11-21 12:18:00 UTC</createdTime>
<ownerDesignName>1_CC2_Groupe1_MPD_SI_OPE</ownerDesignName>
<indexState>Foreign Key</indexState>
<isSurrogateKey>false</isSurrogateKey>
<indexColumnUsage>
<colUsage columnID="EF8A4340-FC65-5B54-CE45-3E8639DF7BAF"/>
</indexColumnUsage>
</ind_PK_UK>
</indexes>
</Table>