<?xml version = '1.0' encoding = 'UTF-8'?>
<Table class="oracle.dbtools.crest.model.design.relational.Table" directorySegmentName="seg_0" id="59B9A3D2-CDB3-1FA3-9E8E-2E35A32C3462" schemaObject="BC44846D-E65D-C470-148D-5DE6FB293433" name="LOCATION">
<createdBy>root</createdBy>
<createdTime>2022-10-27 13:04:10 UTC</createdTime>
<ownerDesignName>1_CC2_GROUPE1_MPD_SI_OPE</ownerDesignName>
<ordsAlias>table_18</ordsAlias>
<allowColumnReorder>false</allowColumnReorder>
<existDependencyGenerateInDDl>true</existDependencyGenerateInDDl>
<parsed>true</parsed>
<columns itemClass="oracle.dbtools.crest.model.design.relational.Column">
<Column name="ID_LOCATION" id="18DAC060-F8CE-B123-3198-CF180867CAB3">
<createdBy>root</createdBy>
<createdTime>2022-10-27 13:06:07 UTC</createdTime>
<ownerDesignName>1_CC2_GROUPE1_MPD_SI_OPE</ownerDesignName>
<useDomainConstraints>false</useDomainConstraints>
<use>1</use>
<logicalDatatype>LOGDT019</logicalDatatype>
<ownDataTypeParameters>,,</ownDataTypeParameters>
<autoIncrementColumn>true</autoIncrementColumn>
<autoIncrementCycle>false</autoIncrementCycle>
<autoIncrementSequenceName>SEQ_LOCATION</autoIncrementSequenceName>
<autoIncrementGenerateTrigger>false</autoIncrementGenerateTrigger>
</Column>
<Column name="ID_VELO" id="809D1146-C5FA-B315-2A3F-F6F4293B3B3A">
<createdBy>root</createdBy>
<createdTime>2022-10-27 13:06:07 UTC</createdTime>
<ownerDesignName>1_CC2_GROUPE1_MPD_SI_OPE</ownerDesignName>
<useDomainConstraints>false</useDomainConstraints>
<use>1</use>
<logicalDatatype>LOGDT019</logicalDatatype>
<ownDataTypeParameters>,,</ownDataTypeParameters>
<autoIncrementCycle>false</autoIncrementCycle>
<associations>
<colAssociation fkAssociation="B016D043-1D75-A565-C58D-8EA35057CA37" referredColumn="FEFE42FB-583F-CEAC-B67D-11FD46E417A3"/>
</associations>
</Column>
<Column name="ID_CLIENT" id="C528B145-785B-D49F-52FD-36FE22A2F551">
<createdBy>root</createdBy>
<createdTime>2022-10-27 13:06:07 UTC</createdTime>
<ownerDesignName>1_CC2_GROUPE1_MPD_SI_OPE</ownerDesignName>
<useDomainConstraints>false</useDomainConstraints>
<use>1</use>
<logicalDatatype>LOGDT019</logicalDatatype>
<ownDataTypeParameters>,,</ownDataTypeParameters>
<autoIncrementCycle>false</autoIncrementCycle>
<associations>
<colAssociation fkAssociation="FACDA00D-694F-940F-0B9D-5E9D17A030B4" referredColumn="48C9EEDE-EE19-71B6-5CEB-A5B68813C9C8"/>
</associations>
</Column>
<Column name="NUMERO_LOCATION" id="317CEF41-ED1F-D5E3-B5A8-2CD7AE3DC7D4">
<createdBy>root</createdBy>
<createdTime>2022-10-27 13:06:07 UTC</createdTime>
<ownerDesignName>1_CC2_GROUPE1_MPD_SI_OPE</ownerDesignName>
<nullsAllowed>true</nullsAllowed>
<useDomainConstraints>false</useDomainConstraints>
<use>1</use>
<logicalDatatype>LOGDT019</logicalDatatype>
<ownDataTypeParameters>,,</ownDataTypeParameters>
<autoIncrementCycle>false</autoIncrementCycle>
</Column>
<Column name="DATE_DEBUT_LOCATION" id="55A244A9-D431-9F43-DD30-92F2A0E9CD9E">
<createdBy>root</createdBy>
<createdTime>2022-10-27 13:06:07 UTC</createdTime>
<ownerDesignName>1_CC2_GROUPE1_MPD_SI_OPE</ownerDesignName>
<nullsAllowed>true</nullsAllowed>
<useDomainConstraints>false</useDomainConstraints>
<use>1</use>
<logicalDatatype>LOGDT007</logicalDatatype>
<ownDataTypeParameters>,,</ownDataTypeParameters>
<autoIncrementCycle>false</autoIncrementCycle>
</Column>
<Column name="DATE_FIN_LOCATION" id="67D9D07C-90DB-206B-B0CE-23C7C0CC974D">
<createdBy>root</createdBy>
<createdTime>2022-10-27 13:06:07 UTC</createdTime>
<ownerDesignName>1_CC2_GROUPE1_MPD_SI_OPE</ownerDesignName>
<nullsAllowed>true</nullsAllowed>
<useDomainConstraints>false</useDomainConstraints>
<use>1</use>
<logicalDatatype>LOGDT007</logicalDatatype>
<ownDataTypeParameters>,,</ownDataTypeParameters>
<autoIncrementCycle>false</autoIncrementCycle>
</Column>
</columns>
<indexes itemClass="oracle.dbtools.crest.model.design.relational.Index">
<ind_PK_UK id="47EAD1C0-6A95-A156-C6F6-04A1B0327638" name="LOCATION_PK">
<createdBy>root</createdBy>
<createdTime>2022-10-27 13:06:07 UTC</createdTime>
<ownerDesignName>1_CC2_GROUPE1_MPD_SI_OPE</ownerDesignName>
<pk>true</pk>
<indexState>Primary Constraint</indexState>
<isSurrogateKey>false</isSurrogateKey>
<indexColumnUsage>
<colUsage columnID="18DAC060-F8CE-B123-3198-CF180867CAB3"/>
</indexColumnUsage>
</ind_PK_UK>
<ind_PK_UK id="BCC19274-5813-A8FC-E255-CF1871D4C19B" name="LOCATION_VELO_FK">
<createdBy>root</createdBy>
<createdTime>2022-10-27 13:08:51 UTC</createdTime>
<ownerDesignName>1_CC2_GROUPE1_MPD_SI_OPE</ownerDesignName>
<indexState>Foreign Key</indexState>
<isSurrogateKey>false</isSurrogateKey>
<indexColumnUsage>
<colUsage columnID="809D1146-C5FA-B315-2A3F-F6F4293B3B3A"/>
</indexColumnUsage>
</ind_PK_UK>
<ind_PK_UK id="CFD77424-C332-BB3F-9582-A2694654044A" name="LOCATION_CLIENT_FK">
<createdBy>root</createdBy>
<createdTime>2022-10-27 13:08:59 UTC</createdTime>
<ownerDesignName>1_CC2_GROUPE1_MPD_SI_OPE</ownerDesignName>
<indexState>Foreign Key</indexState>
<isSurrogateKey>false</isSurrogateKey>
<indexColumnUsage>
<colUsage columnID="C528B145-785B-D49F-52FD-36FE22A2F551"/>
</indexColumnUsage>
</ind_PK_UK>
</indexes>
</Table>