<?xml version = '1.0' encoding = 'UTF-8'?>
<Table class="oracle.dbtools.crest.model.design.relational.Table" directorySegmentName="seg_0" id="613DB4BB-EE80-30FC-9412-311AD6880B40" schemaObject="BC44846D-E65D-C470-148D-5DE6FB293433" name="REPARATEUR">
<createdBy>root</createdBy>
<createdTime>2022-10-27 13:19:47 UTC</createdTime>
<ownerDesignName>1_CC2_GROUPE1_MPD_SI_OPE</ownerDesignName>
<ordsAlias>table_25</ordsAlias>
<allowColumnReorder>false</allowColumnReorder>
<existDependencyGenerateInDDl>true</existDependencyGenerateInDDl>
<parsed>true</parsed>
<columns itemClass="oracle.dbtools.crest.model.design.relational.Column">
<Column name="ID_REPARATEUR" id="23F09E50-A427-F746-AA62-EA0407193967">
<createdBy>root</createdBy>
<createdTime>2022-10-27 13:21:06 UTC</createdTime>
<ownerDesignName>1_CC2_GROUPE1_MPD_SI_OPE</ownerDesignName>
<useDomainConstraints>false</useDomainConstraints>
<use>1</use>
<logicalDatatype>LOGDT019</logicalDatatype>
<ownDataTypeParameters>,,</ownDataTypeParameters>
<autoIncrementColumn>true</autoIncrementColumn>
<autoIncrementCycle>false</autoIncrementCycle>
<autoIncrementSequenceName>SEQ_REPARATEUR</autoIncrementSequenceName>
<autoIncrementGenerateTrigger>false</autoIncrementGenerateTrigger>
</Column>
<Column name="ID_ENTREPRISE" id="3019F6F5-250F-35C2-099E-201CC87DF6D5">
<createdBy>root</createdBy>
<createdTime>2022-10-27 13:21:06 UTC</createdTime>
<ownerDesignName>1_CC2_GROUPE1_MPD_SI_OPE</ownerDesignName>
<useDomainConstraints>false</useDomainConstraints>
<use>1</use>
<logicalDatatype>LOGDT019</logicalDatatype>
<ownDataTypeParameters>,,</ownDataTypeParameters>
<autoIncrementCycle>false</autoIncrementCycle>
<associations>
<colAssociation fkAssociation="3D143972-A51D-9267-CAF1-B883750C9F32" referredColumn="A664E424-EE4A-4F51-4E0E-CB074ABB8AAD"/>
</associations>
</Column>
<Column name="PRENOM_REPARATEUR" id="BE7D92A4-1A3F-FE9C-C1F9-4BE99FC2ECA7">
<createdBy>root</createdBy>
<createdTime>2022-10-27 13:21:06 UTC</createdTime>
<ownerDesignName>1_CC2_GROUPE1_MPD_SI_OPE</ownerDesignName>
<nullsAllowed>true</nullsAllowed>
<useDomainConstraints>false</useDomainConstraints>
<use>1</use>
<logicalDatatype>LOGDT024</logicalDatatype>
<dataTypeSize>100 CHAR</dataTypeSize>
<ownDataTypeParameters>100 CHAR,,</ownDataTypeParameters>
<autoIncrementCycle>false</autoIncrementCycle>
</Column>
<Column name="NOM_REPARATEUR" id="454A9447-476C-8A8F-5C3B-40151944573E">
<createdBy>root</createdBy>
<createdTime>2022-10-27 13:21:06 UTC</createdTime>
<ownerDesignName>1_CC2_GROUPE1_MPD_SI_OPE</ownerDesignName>
<nullsAllowed>true</nullsAllowed>
<useDomainConstraints>false</useDomainConstraints>
<use>1</use>
<logicalDatatype>LOGDT024</logicalDatatype>
<dataTypeSize>100 CHAR</dataTypeSize>
<ownDataTypeParameters>100 CHAR,,</ownDataTypeParameters>
<autoIncrementCycle>false</autoIncrementCycle>
</Column>
</columns>
<indexes itemClass="oracle.dbtools.crest.model.design.relational.Index">
<ind_PK_UK id="B32510A9-4586-D867-D916-50A825B1EEBF" name="REPARATEUR_PK">
<createdBy>root</createdBy>
<createdTime>2022-10-27 13:21:06 UTC</createdTime>
<ownerDesignName>1_CC2_GROUPE1_MPD_SI_OPE</ownerDesignName>
<pk>true</pk>
<indexState>Primary Constraint</indexState>
<isSurrogateKey>false</isSurrogateKey>
<indexColumnUsage>
<colUsage columnID="23F09E50-A427-F746-AA62-EA0407193967"/>
</indexColumnUsage>
</ind_PK_UK>
<ind_PK_UK id="625DEA9F-40A1-E777-7878-C45B36BCBCAE" name="REPARATEUR_ENTREPRISE_REPARATION_FK">
<createdBy>root</createdBy>
<createdTime>2022-10-27 13:23:42 UTC</createdTime>
<ownerDesignName>1_CC2_GROUPE1_MPD_SI_OPE</ownerDesignName>
<indexState>Foreign Key</indexState>
<isSurrogateKey>false</isSurrogateKey>
<indexColumnUsage>
<colUsage columnID="3019F6F5-250F-35C2-099E-201CC87DF6D5"/>
</indexColumnUsage>
</ind_PK_UK>
</indexes>
</Table>