<?xml version = '1.0' encoding = 'UTF-8'?>
<Table class="oracle.dbtools.crest.model.design.relational.Table" directorySegmentName="seg_0" id="690ED39C-75E0-4B8C-27FF-050463A2A6D6" schemaObject="BC44846D-E65D-C470-148D-5DE6FB293433" name="VILLE">
<createdBy>root</createdBy>
<createdTime>2022-10-27 12:52:55 UTC</createdTime>
<ownerDesignName>1_CC2_GROUPE1_MPD_SI_OPE</ownerDesignName>
<ordsAlias>table_15</ordsAlias>
<allowColumnReorder>false</allowColumnReorder>
<existDependencyGenerateInDDl>true</existDependencyGenerateInDDl>
<parsed>true</parsed>
<columns itemClass="oracle.dbtools.crest.model.design.relational.Column">
<Column name="ID_VILLE" id="595016D7-13B9-AEA2-CCE7-2DF7B950E326">
<createdBy>root</createdBy>
<createdTime>2022-10-27 12:54:52 UTC</createdTime>
<ownerDesignName>1_CC2_GROUPE1_MPD_SI_OPE</ownerDesignName>
<useDomainConstraints>false</useDomainConstraints>
<use>1</use>
<logicalDatatype>LOGDT019</logicalDatatype>
<ownDataTypeParameters>,,</ownDataTypeParameters>
<autoIncrementColumn>true</autoIncrementColumn>
<autoIncrementCycle>false</autoIncrementCycle>
<autoIncrementSequenceName>SEQ_VILLE</autoIncrementSequenceName>
<autoIncrementGenerateTrigger>false</autoIncrementGenerateTrigger>
</Column>
<Column name="ID_REGION" id="DB8A8644-7C83-D373-6632-256A10ADAA6F">
<createdBy>root</createdBy>
<createdTime>2022-10-27 12:54:52 UTC</createdTime>
<ownerDesignName>1_CC2_GROUPE1_MPD_SI_OPE</ownerDesignName>
<useDomainConstraints>false</useDomainConstraints>
<use>1</use>
<logicalDatatype>LOGDT019</logicalDatatype>
<ownDataTypeParameters>,,</ownDataTypeParameters>
<autoIncrementCycle>false</autoIncrementCycle>
<associations>
<colAssociation fkAssociation="BD98BC53-4456-F178-0205-5D199C20B833" referredColumn="B6A0A847-4E42-14E5-02FD-C11506865B0D"/>
</associations>
</Column>
<Column name="CODE_POSTAL" id="421FECA4-2CF5-346E-A6EA-81A1F6BED69E">
<createdBy>root</createdBy>
<createdTime>2022-10-27 12:54:52 UTC</createdTime>
<ownerDesignName>1_CC2_GROUPE1_MPD_SI_OPE</ownerDesignName>
<nullsAllowed>true</nullsAllowed>
<useDomainConstraints>false</useDomainConstraints>
<use>1</use>
<logicalDatatype>LOGDT024</logicalDatatype>
<dataTypeSize>5 CHAR</dataTypeSize>
<ownDataTypeParameters>5 CHAR,,</ownDataTypeParameters>
<autoIncrementCycle>false</autoIncrementCycle>
</Column>
<Column name="VILLE" id="5EB85BA7-321D-5EA7-D134-9637F14A67F6">
<createdBy>root</createdBy>
<createdTime>2022-10-27 12:54:52 UTC</createdTime>
<ownerDesignName>1_CC2_GROUPE1_MPD_SI_OPE</ownerDesignName>
<nullsAllowed>true</nullsAllowed>
<useDomainConstraints>false</useDomainConstraints>
<use>1</use>
<logicalDatatype>LOGDT024</logicalDatatype>
<dataTypeSize>100 CHAR</dataTypeSize>
<ownDataTypeParameters>100 CHAR,,</ownDataTypeParameters>
<autoIncrementCycle>false</autoIncrementCycle>
</Column>
</columns>
<indexes itemClass="oracle.dbtools.crest.model.design.relational.Index">
<ind_PK_UK id="295B0F1F-3BED-EDB7-036A-428B430ACD32" name="VILLE_PK">
<createdBy>root</createdBy>
<createdTime>2022-10-27 12:54:52 UTC</createdTime>
<ownerDesignName>1_CC2_GROUPE1_MPD_SI_OPE</ownerDesignName>
<pk>true</pk>
<indexState>Primary Constraint</indexState>
<isSurrogateKey>false</isSurrogateKey>
<indexColumnUsage>
<colUsage columnID="595016D7-13B9-AEA2-CCE7-2DF7B950E326"/>
</indexColumnUsage>
</ind_PK_UK>
<ind_PK_UK id="CFD269C1-8F83-7981-4361-98B05BC38E4B" name="VILLE_REGION_FK">
<createdBy>root</createdBy>
<createdTime>2022-10-27 12:58:07 UTC</createdTime>
<ownerDesignName>1_CC2_GROUPE1_MPD_SI_OPE</ownerDesignName>
<indexState>Foreign Key</indexState>
<isSurrogateKey>false</isSurrogateKey>
<indexColumnUsage>
<colUsage columnID="DB8A8644-7C83-D373-6632-256A10ADAA6F"/>
</indexColumnUsage>
</ind_PK_UK>
</indexes>
</Table>