<?xml version = '1.0' encoding = 'UTF-8'?>
<Table class="oracle.dbtools.crest.model.design.relational.Table" directorySegmentName="seg_0" id="76EFAB8D-CCFB-67E0-ADD7-08104827632B" schemaObject="BC44846D-E65D-C470-148D-5DE6FB293433" name="PANNE">
<createdBy>root</createdBy>
<createdTime>2022-10-27 13:12:56 UTC</createdTime>
<ownerDesignName>1_CC2_GROUPE1_MPD_SI_OPE</ownerDesignName>
<ordsAlias>table_22</ordsAlias>
<allowColumnReorder>false</allowColumnReorder>
<existDependencyGenerateInDDl>true</existDependencyGenerateInDDl>
<parsed>true</parsed>
<columns itemClass="oracle.dbtools.crest.model.design.relational.Column">
<Column name="ID_PANNE" id="3583D6A6-1B08-BEBD-EEEE-193D895768AB">
<createdBy>root</createdBy>
<createdTime>2022-10-27 13:13:59 UTC</createdTime>
<ownerDesignName>1_CC2_GROUPE1_MPD_SI_OPE</ownerDesignName>
<useDomainConstraints>false</useDomainConstraints>
<use>1</use>
<logicalDatatype>LOGDT019</logicalDatatype>
<ownDataTypeParameters>,,</ownDataTypeParameters>
<autoIncrementColumn>true</autoIncrementColumn>
<autoIncrementCycle>false</autoIncrementCycle>
<autoIncrementSequenceName>SEQ_PANNE</autoIncrementSequenceName>
<autoIncrementGenerateTrigger>false</autoIncrementGenerateTrigger>
</Column>
<Column name="ID_ETAT_VELO" id="24768532-ECC0-BD93-F3D7-E7785DB10E54">
<createdBy>root</createdBy>
<createdTime>2022-10-27 13:13:59 UTC</createdTime>
<ownerDesignName>1_CC2_GROUPE1_MPD_SI_OPE</ownerDesignName>
<useDomainConstraints>false</useDomainConstraints>
<use>1</use>
<logicalDatatype>LOGDT019</logicalDatatype>
<ownDataTypeParameters>,,</ownDataTypeParameters>
<autoIncrementCycle>false</autoIncrementCycle>
<associations>
<colAssociation fkAssociation="2D4DA7DB-0FA5-A580-0FF7-3E0D3A09FCC6" referredColumn="F3D98D76-E030-6793-F4C0-EDA10183D245"/>
</associations>
</Column>
<Column name="CODE_PANNE" id="A071AF89-46EA-E33E-76C2-D01811663238">
<createdBy>root</createdBy>
<createdTime>2022-10-27 13:13:59 UTC</createdTime>
<ownerDesignName>1_CC2_GROUPE1_MPD_SI_OPE</ownerDesignName>
<nullsAllowed>true</nullsAllowed>
<useDomainConstraints>false</useDomainConstraints>
<use>1</use>
<logicalDatatype>LOGDT024</logicalDatatype>
<dataTypeSize>5 CHAR</dataTypeSize>
<ownDataTypeParameters>5 CHAR,,</ownDataTypeParameters>
<autoIncrementCycle>false</autoIncrementCycle>
</Column>
<Column name="LIBELLE_PANNE" id="0F0CA1C9-444A-755F-69DD-8B51B2CE1DBF">
<createdBy>root</createdBy>
<createdTime>2022-10-27 13:13:59 UTC</createdTime>
<ownerDesignName>1_CC2_GROUPE1_MPD_SI_OPE</ownerDesignName>
<nullsAllowed>true</nullsAllowed>
<useDomainConstraints>false</useDomainConstraints>
<use>1</use>
<logicalDatatype>LOGDT024</logicalDatatype>
<dataTypeSize>100 CHAR</dataTypeSize>
<ownDataTypeParameters>100 CHAR,,</ownDataTypeParameters>
<autoIncrementCycle>false</autoIncrementCycle>
</Column>
</columns>
<indexes itemClass="oracle.dbtools.crest.model.design.relational.Index">
<ind_PK_UK id="F6101DA5-9ADA-8214-50F5-1848DA796969" name="PANNE_PK">
<createdBy>root</createdBy>
<createdTime>2022-10-27 13:13:59 UTC</createdTime>
<ownerDesignName>1_CC2_GROUPE1_MPD_SI_OPE</ownerDesignName>
<pk>true</pk>
<indexState>Primary Constraint</indexState>
<isSurrogateKey>false</isSurrogateKey>
<indexColumnUsage>
<colUsage columnID="3583D6A6-1B08-BEBD-EEEE-193D895768AB"/>
</indexColumnUsage>
</ind_PK_UK>
<ind_PK_UK id="141BE430-B201-3034-B47A-26903ACC056A" name="PANNE_ETAT_VELO_FK">
<createdBy>root</createdBy>
<createdTime>2022-10-27 13:14:30 UTC</createdTime>
<ownerDesignName>1_CC2_GROUPE1_MPD_SI_OPE</ownerDesignName>
<indexState>Foreign Key</indexState>
<isSurrogateKey>false</isSurrogateKey>
<indexColumnUsage>
<colUsage columnID="24768532-ECC0-BD93-F3D7-E7785DB10E54"/>
</indexColumnUsage>
</ind_PK_UK>
</indexes>
</Table>