<?xml version = '1.0' encoding = 'UTF-8'?>
<Table class="oracle.dbtools.crest.model.design.relational.Table" directorySegmentName="seg_0" id="C9CD0B64-9DEF-3A54-F115-A8E5CC11FE75" schemaObject="BC44846D-E65D-C470-148D-5DE6FB293433" name="REPARATION">
<createdBy>root</createdBy>
<createdTime>2022-10-27 13:16:03 UTC</createdTime>
<ownerDesignName>1_CC2_GROUPE1_MPD_SI_OPE</ownerDesignName>
<ordsAlias>table_24</ordsAlias>
<allowColumnReorder>false</allowColumnReorder>
<existDependencyGenerateInDDl>true</existDependencyGenerateInDDl>
<parsed>true</parsed>
<columns itemClass="oracle.dbtools.crest.model.design.relational.Column">
<Column name="ID_REPARATION" id="FC121B9E-086F-1085-11D8-C931460A8E7F">
<createdBy>root</createdBy>
<createdTime>2022-10-27 13:18:48 UTC</createdTime>
<ownerDesignName>1_CC2_GROUPE1_MPD_SI_OPE</ownerDesignName>
<useDomainConstraints>false</useDomainConstraints>
<use>1</use>
<logicalDatatype>LOGDT019</logicalDatatype>
<ownDataTypeParameters>,,</ownDataTypeParameters>
<autoIncrementColumn>true</autoIncrementColumn>
<autoIncrementCycle>false</autoIncrementCycle>
<autoIncrementSequenceName>SEQ_REPARATION</autoIncrementSequenceName>
<autoIncrementGenerateTrigger>false</autoIncrementGenerateTrigger>
</Column>
<Column name="ID_VELO" id="64AEAC99-EAA1-7292-2534-718AB5443CF5">
<createdBy>root</createdBy>
<createdTime>2022-10-27 13:18:48 UTC</createdTime>
<ownerDesignName>1_CC2_GROUPE1_MPD_SI_OPE</ownerDesignName>
<useDomainConstraints>false</useDomainConstraints>
<use>1</use>
<logicalDatatype>LOGDT019</logicalDatatype>
<ownDataTypeParameters>,,</ownDataTypeParameters>
<autoIncrementCycle>false</autoIncrementCycle>
<associations>
<colAssociation fkAssociation="B224A366-31BD-F176-78EA-CE7AEB9E9835" referredColumn="FEFE42FB-583F-CEAC-B67D-11FD46E417A3"/>
</associations>
</Column>
<Column name="ID_REPARATEUR" id="92CEFD1B-4C22-9DE9-A015-69ED9468BDCD">
<createdBy>root</createdBy>
<createdTime>2022-10-27 13:18:48 UTC</createdTime>
<ownerDesignName>1_CC2_GROUPE1_MPD_SI_OPE</ownerDesignName>
<useDomainConstraints>false</useDomainConstraints>
<use>1</use>
<logicalDatatype>LOGDT019</logicalDatatype>
<ownDataTypeParameters>,,</ownDataTypeParameters>
<autoIncrementCycle>false</autoIncrementCycle>
<associations>
<colAssociation fkAssociation="59EE1345-BA06-8750-D4B6-946276091689" referredColumn="23F09E50-A427-F746-AA62-EA0407193967"/>
</associations>
</Column>
<Column name="NUMERO_REPARATION" id="7AE8A972-6EDB-B61F-B648-3D091E969A24">
<createdBy>root</createdBy>
<createdTime>2022-10-27 13:18:48 UTC</createdTime>
<ownerDesignName>1_CC2_GROUPE1_MPD_SI_OPE</ownerDesignName>
<nullsAllowed>true</nullsAllowed>
<useDomainConstraints>false</useDomainConstraints>
<use>1</use>
<logicalDatatype>LOGDT019</logicalDatatype>
<ownDataTypeParameters>,,</ownDataTypeParameters>
<autoIncrementCycle>false</autoIncrementCycle>
</Column>
<Column name="DUREE_REPARATION" id="36649873-7041-DC8A-611F-21BF8625B06D">
<createdBy>root</createdBy>
<createdTime>2022-10-27 13:19:30 UTC</createdTime>
<ownerDesignName>1_CC2_GROUPE1_MPD_SI_OPE</ownerDesignName>
<nullsAllowed>true</nullsAllowed>
<useDomainConstraints>false</useDomainConstraints>
<use>1</use>
<logicalDatatype>LOGDT019</logicalDatatype>
<ownDataTypeParameters>,,</ownDataTypeParameters>
<autoIncrementCycle>false</autoIncrementCycle>
</Column>
<Column name="NOMBRE_KM_PARCOURUS" id="9C806AF8-BF50-26E6-3EB1-58946FA4746F">
<createdBy>root</createdBy>
<createdTime>2022-10-27 13:18:48 UTC</createdTime>
<ownerDesignName>1_CC2_GROUPE1_MPD_SI_OPE</ownerDesignName>
<nullsAllowed>true</nullsAllowed>
<useDomainConstraints>false</useDomainConstraints>
<use>1</use>
<logicalDatatype>LOGDT019</logicalDatatype>
<ownDataTypeParameters>,,</ownDataTypeParameters>
<autoIncrementCycle>false</autoIncrementCycle>
</Column>
<Column name="DATE_REPARATION" id="C1468D8C-66BF-5C03-3D59-7E598A5FC1AD">
<createdBy>root</createdBy>
<createdTime>2022-10-27 13:18:48 UTC</createdTime>
<ownerDesignName>1_CC2_GROUPE1_MPD_SI_OPE</ownerDesignName>
<nullsAllowed>true</nullsAllowed>
<useDomainConstraints>false</useDomainConstraints>
<use>1</use>
<logicalDatatype>LOGDT007</logicalDatatype>
<ownDataTypeParameters>,,</ownDataTypeParameters>
<autoIncrementCycle>false</autoIncrementCycle>
</Column>
</columns>
<indexes itemClass="oracle.dbtools.crest.model.design.relational.Index">
<ind_PK_UK id="ACDAE420-03C5-0DF4-416B-7D5C8E8D415D" name="REPARATION_PK">
<createdBy>root</createdBy>
<createdTime>2022-10-27 13:18:48 UTC</createdTime>
<ownerDesignName>1_CC2_GROUPE1_MPD_SI_OPE</ownerDesignName>
<pk>true</pk>
<indexState>Primary Constraint</indexState>
<isSurrogateKey>false</isSurrogateKey>
<indexColumnUsage>
<colUsage columnID="FC121B9E-086F-1085-11D8-C931460A8E7F"/>
</indexColumnUsage>
</ind_PK_UK>
<ind_PK_UK id="EBD67534-404F-E8F9-D3CF-6960659506AE" name="REPARATION_REPARATEUR_FK">
<createdBy>root</createdBy>
<createdTime>2022-10-27 13:23:54 UTC</createdTime>
<ownerDesignName>1_CC2_GROUPE1_MPD_SI_OPE</ownerDesignName>
<indexState>Foreign Key</indexState>
<isSurrogateKey>false</isSurrogateKey>
<indexColumnUsage>
<colUsage columnID="92CEFD1B-4C22-9DE9-A015-69ED9468BDCD"/>
</indexColumnUsage>
</ind_PK_UK>
<ind_PK_UK id="092DA91A-E1EF-EFB9-660F-648EE8E71592" name="REPARATION_VELO_FK">
<createdBy>root</createdBy>
<createdTime>2022-10-27 13:24:20 UTC</createdTime>
<ownerDesignName>1_CC2_GROUPE1_MPD_SI_OPE</ownerDesignName>
<indexState>Foreign Key</indexState>
<isSurrogateKey>false</isSurrogateKey>
<indexColumnUsage>
<colUsage columnID="64AEAC99-EAA1-7292-2534-718AB5443CF5"/>
</indexColumnUsage>
</ind_PK_UK>
</indexes>
</Table>