<?xml version = '1.0' encoding = 'UTF-8'?>
<Table class="oracle.dbtools.crest.model.design.relational.Table" directorySegmentName="seg_0" id="D67C3583-E2AF-B4EA-8CEA-C97D00248B1A" schemaObject="BC44846D-E65D-C470-148D-5DE6FB293433" name="STATION">
<createdBy>root</createdBy>
<createdTime>2022-10-27 12:37:35 UTC</createdTime>
<ownerDesignName>1_CC2_GROUPE1_MPD_SI_OPE</ownerDesignName>
<ordsAlias>table_11</ordsAlias>
<allowColumnReorder>false</allowColumnReorder>
<existDependencyGenerateInDDl>true</existDependencyGenerateInDDl>
<parsed>true</parsed>
<columns itemClass="oracle.dbtools.crest.model.design.relational.Column">
<Column name="ID_STATION" id="0524697D-35B1-DD15-937B-6C1121178A30">
<createdBy>root</createdBy>
<createdTime>2022-10-27 12:40:20 UTC</createdTime>
<ownerDesignName>1_CC2_GROUPE1_MPD_SI_OPE</ownerDesignName>
<useDomainConstraints>false</useDomainConstraints>
<use>1</use>
<logicalDatatype>LOGDT019</logicalDatatype>
<ownDataTypeParameters>,,</ownDataTypeParameters>
<autoIncrementColumn>true</autoIncrementColumn>
<autoIncrementCycle>false</autoIncrementCycle>
<autoIncrementSequenceName>SEQ_STATION</autoIncrementSequenceName>
<autoIncrementGenerateTrigger>false</autoIncrementGenerateTrigger>
</Column>
<Column name="ID_LOCALISATION" id="AFE53DDE-9E19-5D04-75A7-F92A7DF94267">
<createdBy>root</createdBy>
<createdTime>2022-10-27 12:40:20 UTC</createdTime>
<ownerDesignName>1_CC2_GROUPE1_MPD_SI_OPE</ownerDesignName>
<useDomainConstraints>false</useDomainConstraints>
<use>1</use>
<logicalDatatype>LOGDT019</logicalDatatype>
<ownDataTypeParameters>,,</ownDataTypeParameters>
<autoIncrementCycle>false</autoIncrementCycle>
<associations>
<colAssociation fkAssociation="EFA37700-197F-FC8A-46C8-079D1FCB0162" referredColumn="A2489C78-A838-149D-5E29-EEE71D87049B"/>
</associations>
</Column>
<Column name="CODE_STATION" id="F86E19B2-B00E-267B-6F86-8D00E51F9BAB">
<createdBy>root</createdBy>
<createdTime>2022-10-27 12:41:47 UTC</createdTime>
<ownerDesignName>1_CC2_GROUPE1_MPD_SI_OPE</ownerDesignName>
<nullsAllowed>true</nullsAllowed>
<useDomainConstraints>false</useDomainConstraints>
<use>1</use>
<logicalDatatype>LOGDT024</logicalDatatype>
<dataTypeSize>5 CHAR</dataTypeSize>
<ownDataTypeParameters>5 CHAR,,</ownDataTypeParameters>
<autoIncrementCycle>false</autoIncrementCycle>
</Column>
<Column name="LIBELLE_STATION" id="0144529E-D322-5047-1DE7-A6EF87465A94">
<createdBy>root</createdBy>
<createdTime>2022-10-27 12:44:38 UTC</createdTime>
<ownerDesignName>1_CC2_GROUPE1_MPD_SI_OPE</ownerDesignName>
<nullsAllowed>true</nullsAllowed>
<useDomainConstraints>false</useDomainConstraints>
<use>1</use>
<logicalDatatype>LOGDT024</logicalDatatype>
<dataTypeSize>100</dataTypeSize>
<ownDataTypeParameters>100,,</ownDataTypeParameters>
<autoIncrementCycle>false</autoIncrementCycle>
</Column>
<Column name="CAPACITE" id="22C6677C-CCA5-1F31-F358-5676CE0CE484">
<createdBy>root</createdBy>
<createdTime>2022-10-27 12:44:38 UTC</createdTime>
<ownerDesignName>1_CC2_GROUPE1_MPD_SI_OPE</ownerDesignName>
<nullsAllowed>true</nullsAllowed>
<useDomainConstraints>false</useDomainConstraints>
<use>1</use>
<logicalDatatype>LOGDT019</logicalDatatype>
<ownDataTypeParameters>,,</ownDataTypeParameters>
<autoIncrementCycle>false</autoIncrementCycle>
</Column>
<Column name="DATE_MISE_EN_SERVICE" id="0C2F5CD2-16C2-D894-A0EF-744E687920E8">
<createdBy>root</createdBy>
<createdTime>2022-10-27 12:46:52 UTC</createdTime>
<ownerDesignName>1_CC2_GROUPE1_MPD_SI_OPE</ownerDesignName>
<nullsAllowed>true</nullsAllowed>
<useDomainConstraints>false</useDomainConstraints>
<use>1</use>
<logicalDatatype>LOGDT007</logicalDatatype>
<ownDataTypeParameters>,,</ownDataTypeParameters>
<autoIncrementCycle>false</autoIncrementCycle>
</Column>
</columns>
<indexes itemClass="oracle.dbtools.crest.model.design.relational.Index">
<ind_PK_UK id="64B43370-6D1D-5D11-0CFF-20131EAB11B6" name="STATION_PK">
<createdBy>root</createdBy>
<createdTime>2022-10-27 12:40:20 UTC</createdTime>
<ownerDesignName>1_CC2_GROUPE1_MPD_SI_OPE</ownerDesignName>
<pk>true</pk>
<indexState>Primary Constraint</indexState>
<isSurrogateKey>false</isSurrogateKey>
<indexColumnUsage>
<colUsage columnID="0524697D-35B1-DD15-937B-6C1121178A30"/>
</indexColumnUsage>
</ind_PK_UK>
<ind_PK_UK id="017445FB-2032-2D3C-1097-40F50473C5BD" name="STATION_LOCALISATION_FK">
<createdBy>root</createdBy>
<createdTime>2022-10-27 12:52:23 UTC</createdTime>
<ownerDesignName>1_CC2_GROUPE1_MPD_SI_OPE</ownerDesignName>
<indexState>Foreign Key</indexState>
<isSurrogateKey>false</isSurrogateKey>
<indexColumnUsage>
<colUsage columnID="AFE53DDE-9E19-5D04-75A7-F92A7DF94267"/>
</indexColumnUsage>
</ind_PK_UK>
</indexes>
</Table>