<?xml version = '1.0' encoding = 'UTF-8'?>
<Table class="oracle.dbtools.crest.model.design.relational.Table" directorySegmentName="seg_0" id="E8E83EC2-4838-C045-9ED3-F1BECF885237" schemaObject="BC44846D-E65D-C470-148D-5DE6FB293433" name="LOCALISATION">
<createdBy>root</createdBy>
<createdTime>2022-10-27 12:49:27 UTC</createdTime>
<ownerDesignName>1_CC2_GROUPE1_MPD_SI_OPE</ownerDesignName>
<ordsAlias>table_14</ordsAlias>
<allowColumnReorder>false</allowColumnReorder>
<existDependencyGenerateInDDl>true</existDependencyGenerateInDDl>
<parsed>true</parsed>
<columns itemClass="oracle.dbtools.crest.model.design.relational.Column">
<Column name="ID_LOCALISATION" id="A2489C78-A838-149D-5E29-EEE71D87049B">
<createdBy>root</createdBy>
<createdTime>2022-10-27 12:50:36 UTC</createdTime>
<ownerDesignName>1_CC2_GROUPE1_MPD_SI_OPE</ownerDesignName>
<useDomainConstraints>false</useDomainConstraints>
<use>1</use>
<logicalDatatype>LOGDT019</logicalDatatype>
<ownDataTypeParameters>,,</ownDataTypeParameters>
<autoIncrementColumn>true</autoIncrementColumn>
<autoIncrementCycle>false</autoIncrementCycle>
<autoIncrementSequenceName>SEQ_LOCALISATION</autoIncrementSequenceName>
<autoIncrementGenerateTrigger>false</autoIncrementGenerateTrigger>
</Column>
<Column name="ID_VILLE" id="D9696896-8A17-0809-44DF-615F873DC886">
<createdBy>root</createdBy>
<createdTime>2022-10-27 12:50:36 UTC</createdTime>
<ownerDesignName>1_CC2_GROUPE1_MPD_SI_OPE</ownerDesignName>
<useDomainConstraints>false</useDomainConstraints>
<use>1</use>
<logicalDatatype>LOGDT019</logicalDatatype>
<ownDataTypeParameters>,,</ownDataTypeParameters>
<autoIncrementCycle>false</autoIncrementCycle>
<associations>
<colAssociation fkAssociation="B758D500-3AB4-1E89-DD61-47FB740A717F" referredColumn="595016D7-13B9-AEA2-CCE7-2DF7B950E326"/>
</associations>
</Column>
<Column name="LONGITUDE" id="92B4375C-C546-5BD1-7799-AC38914A3EED">
<createdBy>root</createdBy>
<createdTime>2022-10-27 12:50:36 UTC</createdTime>
<ownerDesignName>1_CC2_GROUPE1_MPD_SI_OPE</ownerDesignName>
<nullsAllowed>true</nullsAllowed>
<useDomainConstraints>false</useDomainConstraints>
<use>1</use>
<logicalDatatype>LOGDT019</logicalDatatype>
<dataTypePrecision>9</dataTypePrecision>
<dataTypeScale>6</dataTypeScale>
<ownDataTypeParameters>,9,6</ownDataTypeParameters>
<autoIncrementCycle>false</autoIncrementCycle>
</Column>
<Column name="LATITUDE" id="FC0E58D3-3C2C-2CE8-1A9B-C22C626EA85C">
<createdBy>root</createdBy>
<createdTime>2022-10-27 12:50:36 UTC</createdTime>
<ownerDesignName>1_CC2_GROUPE1_MPD_SI_OPE</ownerDesignName>
<nullsAllowed>true</nullsAllowed>
<useDomainConstraints>false</useDomainConstraints>
<use>1</use>
<logicalDatatype>LOGDT019</logicalDatatype>
<dataTypePrecision>8</dataTypePrecision>
<dataTypeScale>6</dataTypeScale>
<ownDataTypeParameters>,8,6</ownDataTypeParameters>
<autoIncrementCycle>false</autoIncrementCycle>
</Column>
</columns>
<indexes itemClass="oracle.dbtools.crest.model.design.relational.Index">
<ind_PK_UK id="29EA99EB-B69C-33A7-69D1-B8B9DB95DF9A" name="LOCALISATION_PK">
<createdBy>root</createdBy>
<createdTime>2022-10-27 12:50:36 UTC</createdTime>
<ownerDesignName>1_CC2_GROUPE1_MPD_SI_OPE</ownerDesignName>
<pk>true</pk>
<indexState>Primary Constraint</indexState>
<isSurrogateKey>false</isSurrogateKey>
<indexColumnUsage>
<colUsage columnID="A2489C78-A838-149D-5E29-EEE71D87049B"/>
</indexColumnUsage>
</ind_PK_UK>
<ind_PK_UK id="52BAAE68-D5FD-7A25-A9B5-5EF273219B88" name="LOCALISATION_VILLE_FK">
<createdBy>root</createdBy>
<createdTime>2022-10-27 12:55:01 UTC</createdTime>
<ownerDesignName>1_CC2_GROUPE1_MPD_SI_OPE</ownerDesignName>
<indexState>Foreign Key</indexState>
<isSurrogateKey>false</isSurrogateKey>
<indexColumnUsage>
<colUsage columnID="D9696896-8A17-0809-44DF-615F873DC886"/>
</indexColumnUsage>
</ind_PK_UK>
</indexes>
</Table>