<?xml version = '1.0' encoding = 'UTF-8'?>
<Table class="oracle.dbtools.crest.model.design.relational.Table" directorySegmentName="seg_0" id="FAE463CD-D645-C5F1-AA2B-09500EADABCF" schemaObject="BC44846D-E65D-C470-148D-5DE6FB293433" name="BORNE">
<createdBy>root</createdBy>
<createdTime>2022-10-27 12:21:49 UTC</createdTime>
<ownerDesignName>1_CC2_GROUPE1_MPD_SI_OPE</ownerDesignName>
<ordsAlias>table_9</ordsAlias>
<allowColumnReorder>false</allowColumnReorder>
<existDependencyGenerateInDDl>true</existDependencyGenerateInDDl>
<parsed>true</parsed>
<columns itemClass="oracle.dbtools.crest.model.design.relational.Column">
<Column name="ID_BORNE" id="A099BFAF-ACF1-D695-0C3A-40218219A799">
<createdBy>root</createdBy>
<createdTime>2022-10-27 12:24:50 UTC</createdTime>
<ownerDesignName>1_CC2_GROUPE1_MPD_SI_OPE</ownerDesignName>
<useDomainConstraints>false</useDomainConstraints>
<use>1</use>
<logicalDatatype>LOGDT019</logicalDatatype>
<ownDataTypeParameters>,,</ownDataTypeParameters>
<autoIncrementColumn>true</autoIncrementColumn>
<autoIncrementCycle>false</autoIncrementCycle>
<autoIncrementSequenceName>SEQ_BORNE</autoIncrementSequenceName>
<autoIncrementGenerateTrigger>false</autoIncrementGenerateTrigger>
</Column>
<Column name="ID_STATION" id="8D71BA3B-EC21-D643-1D2C-811A029BF2BA">
<createdBy>root</createdBy>
<createdTime>2022-10-27 12:24:50 UTC</createdTime>
<ownerDesignName>1_CC2_GROUPE1_MPD_SI_OPE</ownerDesignName>
<useDomainConstraints>false</useDomainConstraints>
<use>1</use>
<logicalDatatype>LOGDT019</logicalDatatype>
<ownDataTypeParameters>,,</ownDataTypeParameters>
<autoIncrementCycle>false</autoIncrementCycle>
<associations>
<colAssociation fkAssociation="6772FE31-739B-66C6-4D3E-AAC84CDBE5F6" referredColumn="0524697D-35B1-DD15-937B-6C1121178A30"/>
</associations>
</Column>
<Column name="ID_ETAT_BORNE" id="2C68CC8B-D611-4290-0C86-DF4E4DDD689C">
<createdBy>root</createdBy>
<createdTime>2022-10-27 12:24:50 UTC</createdTime>
<ownerDesignName>1_CC2_GROUPE1_MPD_SI_OPE</ownerDesignName>
<useDomainConstraints>false</useDomainConstraints>
<use>1</use>
<logicalDatatype>LOGDT019</logicalDatatype>
<ownDataTypeParameters>,,</ownDataTypeParameters>
<autoIncrementCycle>false</autoIncrementCycle>
<associations>
<colAssociation fkAssociation="64DACCFA-1B25-37AE-B045-A441167A35AE" referredColumn="1C65985B-4985-712B-B5DD-CAA69F1D573F"/>
</associations>
</Column>
<Column name="CODE_BORNE" id="0B304961-D15F-F6F1-B0BA-5257D7B33E37">
<createdBy>root</createdBy>
<createdTime>2022-10-27 12:24:50 UTC</createdTime>
<ownerDesignName>1_CC2_GROUPE1_MPD_SI_OPE</ownerDesignName>
<nullsAllowed>true</nullsAllowed>
<useDomainConstraints>false</useDomainConstraints>
<use>1</use>
<logicalDatatype>LOGDT024</logicalDatatype>
<dataTypeSize>4 CHAR</dataTypeSize>
<ownDataTypeParameters>4 CHAR,,</ownDataTypeParameters>
<autoIncrementCycle>false</autoIncrementCycle>
</Column>
</columns>
<indexes itemClass="oracle.dbtools.crest.model.design.relational.Index">
<ind_PK_UK id="068A5F10-0D26-4BCF-4AFF-562FFA4D1785" name="BORNE_PK">
<createdBy>root</createdBy>
<createdTime>2022-10-27 12:24:50 UTC</createdTime>
<ownerDesignName>1_CC2_GROUPE1_MPD_SI_OPE</ownerDesignName>
<pk>true</pk>
<indexState>Primary Constraint</indexState>
<isSurrogateKey>false</isSurrogateKey>
<indexColumnUsage>
<colUsage columnID="A099BFAF-ACF1-D695-0C3A-40218219A799"/>
</indexColumnUsage>
</ind_PK_UK>
<ind_PK_UK id="D69E202D-1158-DF83-7A0A-36CC9668E11B" name="BORNE_ETAT_BORNE_FK">
<createdBy>root</createdBy>
<createdTime>2022-10-27 12:34:10 UTC</createdTime>
<ownerDesignName>1_CC2_GROUPE1_MPD_SI_OPE</ownerDesignName>
<indexState>Foreign Key</indexState>
<isSurrogateKey>false</isSurrogateKey>
<indexColumnUsage>
<colUsage columnID="2C68CC8B-D611-4290-0C86-DF4E4DDD689C"/>
</indexColumnUsage>
</ind_PK_UK>
<ind_PK_UK id="2B3D3CC1-E1A9-3955-7FA3-56AE160FF793" name="BORNE_STATION_FK">
<createdBy>root</createdBy>
<createdTime>2022-10-27 12:46:59 UTC</createdTime>
<ownerDesignName>1_CC2_GROUPE1_MPD_SI_OPE</ownerDesignName>
<indexState>Foreign Key</indexState>
<isSurrogateKey>false</isSurrogateKey>
<indexColumnUsage>
<colUsage columnID="8D71BA3B-EC21-D643-1D2C-811A029BF2BA"/>
</indexColumnUsage>
</ind_PK_UK>
</indexes>
</Table>