<?xml version = '1.0' encoding = 'UTF-8'?>
<relationalModel class="oracle.dbtools.crest.model.design.relational.RelationalDesign" name="1_CC2_Groupe1_MPD_SI_OPE" id="EE4D7857-E75F-2B87-1AC6-8F1573CD1964" mainViewID="A2350663-02EC-6209-9DFE-7980F9B040A2">
<createdBy>root</createdBy>
<createdTime>2022-10-27 11:29:43 UTC</createdTime>
<ownerDesignName>DSID_BTM_OPE</ownerDesignName>
<shouldBeOpen>true</shouldBeOpen>
<selectedRDBMSSite>32076570-2523-435C-2E92-BF29817DFF70</selectedRDBMSSite>
</relationalModel>