<?xml version = '1.0' encoding = 'UTF-8'?>
<Diagram class="oracle.dbtools.crest.swingui.relational.DPVRelational" name="3_CC2_GROUPE1_MPD_DM1" id="9B196D23-7521-6040-800B-0A78D38D37B1">
<createdBy>root</createdBy>
<modifiedBy>root</modifiedBy>
<createdTime>2022-10-29 11:22:42 UTC</createdTime>
<autoRoute>false</autoRoute>
<boxInbox>true</boxInbox>
<showLegend>false</showLegend>
<showLabels>false</showLabels>
<showRelAttributes>false</showRelAttributes>
<gridEnabled>false</gridEnabled>
<showGrid>false</showGrid>
<diagramColor>-1</diagramColor>
<display>false</display>
<notation>1</notation>
<objectViews>
<OView class="oracle.dbtools.crest.swingui.relational.TVTable" oid="01D6684B-F9C0-F3B4-DB7C-707237FE262A" otype="Table" vid="36764D8D-7BB7-B6B7-3CC0-3A2834342B0E">
<hideElementsInCurrentOnly>false</hideElementsInCurrentOnly>
<bounds x="1021" y="358" width="400" height="150"/>
</OView>
<OView class="oracle.dbtools.crest.swingui.relational.TVTable" oid="084980B8-F2D0-368A-48AA-C1F11B8CEAE7" otype="Table" vid="9306BBEF-8E7D-87C2-6384-2894C47C13EF">
<hideElementsInCurrentOnly>false</hideElementsInCurrentOnly>
<bounds x="501" y="309" width="467" height="333"/>
</OView>
<OView class="oracle.dbtools.crest.swingui.relational.TVTable" oid="183B312D-45AA-6B78-7B42-4C342FFDDB47" otype="Table" vid="2DA04941-C7FA-03F5-D69E-2B8319C17F22">
<hideElementsInCurrentOnly>false</hideElementsInCurrentOnly>
<bounds x="900" y="803" width="352" height="503"/>
</OView>
<OView class="oracle.dbtools.crest.swingui.relational.TVTable" oid="361FAFAA-F6FF-1415-04C7-66989B10AC08" otype="Table" vid="124213F6-F76C-D353-3455-16525EBDC306">
<hideElementsInCurrentOnly>false</hideElementsInCurrentOnly>
<bounds x="27" y="122" width="362" height="139"/>
</OView>
<OView class="oracle.dbtools.crest.swingui.relational.TVTable" oid="4404DF2B-26DB-852B-4F3B-54D71E26BFE1" otype="Table" vid="D9DD03EB-92A9-A044-1DFD-81B533BEE407">
<hideElementsInCurrentOnly>false</hideElementsInCurrentOnly>
<bounds x="10" y="389" width="432" height="135"/>
</OView>
<OView class="oracle.dbtools.crest.swingui.relational.TVTable" oid="48E96E9C-4EAA-0F83-95E6-CB5B4D8E9047" otype="Table" vid="B9F3860C-5E2A-4761-BC2A-7D9BCA5AEE78">
<hideElementsInCurrentOnly>false</hideElementsInCurrentOnly>
<bounds x="1029" y="636" width="272" height="137"/>
</OView>
<OView class="oracle.dbtools.crest.swingui.relational.TVTable" oid="5652C6D9-BC69-9480-C8CA-C31EC05ABF1F" otype="Table" vid="35980C21-0398-CA25-4DD4-34B9A65E3A7E">
<hideElementsInCurrentOnly>false</hideElementsInCurrentOnly>
<bounds x="72" y="795" width="387" height="517"/>
</OView>
<OView class="oracle.dbtools.crest.swingui.relational.TVTable" oid="5F118C98-A725-76BF-835C-B7BBE3502BE8" otype="Table" vid="588D4338-BC32-A1F6-F62C-F79A6DDCC302">
<hideElementsInCurrentOnly>false</hideElementsInCurrentOnly>
<bounds x="1058" y="93" width="281" height="106"/>
</OView>
<OView class="oracle.dbtools.crest.swingui.relational.TVTable" oid="6EA055D1-F290-BBB5-B1DA-596FC2D70AA0" otype="Table" vid="3C069729-A7F7-DD99-6CA4-1FBD3FA4AE55">
<hideElementsInCurrentOnly>false</hideElementsInCurrentOnly>
<bounds x="501" y="798" width="331" height="474"/>
</OView>
<OView class="oracle.dbtools.crest.swingui.relational.TVTable" oid="9C4A0E79-01A6-CFC2-3C8B-A4B0DA88C54E" otype="Table" vid="E16A7D3D-99AD-3EBE-91A2-A2947E13A16B">
<hideElementsInCurrentOnly>false</hideElementsInCurrentOnly>
<bounds x="496" y="656" width="302" height="110"/>
</OView>
<OView class="oracle.dbtools.crest.swingui.relational.TVTable" oid="A8C0FE50-57C9-8732-DAA0-778B9B5F8499" otype="Table" vid="931C84A1-3DFA-9601-F369-1A0EA4DBC4E0">
<hideElementsInCurrentOnly>false</hideElementsInCurrentOnly>
<bounds x="57" y="628" width="246" height="97"/>
</OView>
<OView class="oracle.dbtools.crest.swingui.relational.TVTable" oid="B8BDE378-D2B7-EBC0-F464-C7ABC62FA7DC" otype="Table" vid="A39CD5B5-53A8-74E8-6881-BD7A203A6778">
<hideElementsInCurrentOnly>false</hideElementsInCurrentOnly>
<bounds x="517" y="88" width="347" height="150"/>
</OView>
</objectViews>
<connectors>
<Connector class="oracle.dbtools.crest.swingui.relational.TVFKRelation" oid="05DA5E3F-1DCF-1CDC-38A0-B814F6EA0F23" otype="FKIndexAssociation" vid_source="A39CD5B5-53A8-74E8-6881-BD7A203A6778" vid_target="9306BBEF-8E7D-87C2-6384-2894C47C13EF">
<hideElementsInCurrentOnly>false</hideElementsInCurrentOnly>
<backgroundColor>-16777216</backgroundColor>
<lineWidth>1</lineWidth>
<points>
<point x="690" y="238"/>
<point x="690" y="309"/>
</points>
</Connector>
<Connector class="oracle.dbtools.crest.swingui.relational.TVFKRelation" oid="0FB01AFD-0C9E-1EF2-0B07-CB5B3EE6B086" otype="FKIndexAssociation" vid_source="B9F3860C-5E2A-4761-BC2A-7D9BCA5AEE78" vid_target="9306BBEF-8E7D-87C2-6384-2894C47C13EF">
<hideElementsInCurrentOnly>false</hideElementsInCurrentOnly>
<backgroundColor>-16777216</backgroundColor>
<lineWidth>1</lineWidth>
<points>
<point x="1029" y="639"/>
<point x="968" y="639"/>
</points>
</Connector>
<Connector class="oracle.dbtools.crest.swingui.relational.TVFKRelation" oid="2BC77E99-2828-31CD-A48C-A739742623EC" otype="FKIndexAssociation" vid_source="588D4338-BC32-A1F6-F62C-F79A6DDCC302" vid_target="9306BBEF-8E7D-87C2-6384-2894C47C13EF">
<hideElementsInCurrentOnly>false</hideElementsInCurrentOnly>
<backgroundColor>-16777216</backgroundColor>
<lineWidth>1</lineWidth>
<points>
<point x="1123" y="199"/>
<point x="968" y="309"/>
</points>
</Connector>
<Connector class="oracle.dbtools.crest.swingui.relational.TVFKRelation" oid="4BE2C075-65B5-AAEA-B1F7-F0E62B86A447" otype="FKIndexAssociation" vid_source="36764D8D-7BB7-B6B7-3CC0-3A2834342B0E" vid_target="9306BBEF-8E7D-87C2-6384-2894C47C13EF">
<hideElementsInCurrentOnly>false</hideElementsInCurrentOnly>
<backgroundColor>-16777216</backgroundColor>
<lineWidth>1</lineWidth>
<points>
<point x="1021" y="433"/>
<point x="968" y="433"/>
</points>
</Connector>
<Connector class="oracle.dbtools.crest.swingui.relational.TVFKRelation" oid="6CB6E82D-EB3E-222A-E70F-EDB2C9E10AC1" otype="FKIndexAssociation" vid_source="D9DD03EB-92A9-A044-1DFD-81B533BEE407" vid_target="9306BBEF-8E7D-87C2-6384-2894C47C13EF">
<hideElementsInCurrentOnly>false</hideElementsInCurrentOnly>
<backgroundColor>-16777216</backgroundColor>
<lineWidth>1</lineWidth>
<points>
<point x="442" y="456"/>
<point x="501" y="456"/>
</points>
</Connector>
<Connector class="oracle.dbtools.crest.swingui.relational.TVFKRelation" oid="A904A9E3-41AA-85CD-39F8-CCBCD17EFF7B" otype="FKIndexAssociation" vid_source="E16A7D3D-99AD-3EBE-91A2-A2947E13A16B" vid_target="9306BBEF-8E7D-87C2-6384-2894C47C13EF">
<hideElementsInCurrentOnly>false</hideElementsInCurrentOnly>
<backgroundColor>-16777216</backgroundColor>
<lineWidth>1</lineWidth>
<points>
<point x="649" y="656"/>
<point x="649" y="642"/>
</points>
</Connector>
<Connector class="oracle.dbtools.crest.swingui.relational.TVFKRelation" oid="F41CC0FA-D0D7-22DB-833C-137F0D3A2EF8" otype="FKIndexAssociation" vid_source="931C84A1-3DFA-9601-F369-1A0EA4DBC4E0" vid_target="9306BBEF-8E7D-87C2-6384-2894C47C13EF">
<hideElementsInCurrentOnly>false</hideElementsInCurrentOnly>
<backgroundColor>-16777216</backgroundColor>
<lineWidth>1</lineWidth>
<points>
<point x="303" y="635"/>
<point x="501" y="635"/>
</points>
</Connector>
<Connector class="oracle.dbtools.crest.swingui.relational.TVFKRelation" oid="FF27152F-545C-4BBB-0A00-A7D5EE4448A7" otype="FKIndexAssociation" vid_source="124213F6-F76C-D353-3455-16525EBDC306" vid_target="9306BBEF-8E7D-87C2-6384-2894C47C13EF">
<hideElementsInCurrentOnly>false</hideElementsInCurrentOnly>
<backgroundColor>-16777216</backgroundColor>
<lineWidth>1</lineWidth>
<points>
<point x="336" y="261"/>
<point x="501" y="349"/>
</points>
</Connector>
</connectors>
</Diagram>