<?xml version = '1.0' encoding = 'UTF-8'?>
<Table class="oracle.dbtools.crest.model.design.relational.Table" directorySegmentName="seg_0" id="28E4A610-105C-447C-DFE3-7875A6010DD6" schemaObject="4094B70D-1456-C163-3833-6F6EA8A3E047" name="DIM_PANNE_D">
<createdBy>root</createdBy>
<createdTime>2022-10-29 14:07:45 UTC</createdTime>
<ownerDesignName>4_CC2_GROUPE1_MPD_DM2</ownerDesignName>
<ordsAlias>table_9</ordsAlias>
<typeID>2</typeID>
<allowColumnReorder>false</allowColumnReorder>
<existDependencyGenerateInDDl>true</existDependencyGenerateInDDl>
<parsed>true</parsed>
<columns itemClass="oracle.dbtools.crest.model.design.relational.Column">
<Column name="ID_PANNE" id="118B49CE-9D5C-99A6-E207-C8DAFD0EE4BB">
<createdBy>root</createdBy>
<createdTime>2022-10-29 14:08:22 UTC</createdTime>
<ownerDesignName>4_CC2_GROUPE1_MPD_DM2</ownerDesignName>
<useDomainConstraints>false</useDomainConstraints>
<use>1</use>
<logicalDatatype>LOGDT019</logicalDatatype>
<ownDataTypeParameters>,,</ownDataTypeParameters>
<autoIncrementColumn>true</autoIncrementColumn>
<autoIncrementCycle>false</autoIncrementCycle>
<autoIncrementSequenceName>SEQ_PANNE_D</autoIncrementSequenceName>
<autoIncrementGenerateTrigger>false</autoIncrementGenerateTrigger>
</Column>
<Column name="ID_PANNE_SRC" id="B7E4398B-F765-B652-6C6E-C9107B6EF4D5">
<createdBy>root</createdBy>
<createdTime>2022-10-29 14:08:22 UTC</createdTime>
<ownerDesignName>4_CC2_GROUPE1_MPD_DM2</ownerDesignName>
<nullsAllowed>true</nullsAllowed>
<useDomainConstraints>false</useDomainConstraints>
<use>1</use>
<logicalDatatype>LOGDT019</logicalDatatype>
<ownDataTypeParameters>,,</ownDataTypeParameters>
<autoIncrementCycle>false</autoIncrementCycle>
</Column>
<Column name="CODE_PANNE" id="F3C8A467-B6CD-89DD-4D08-00E78F66E1D8">
<createdBy>root</createdBy>
<createdTime>2022-10-29 14:08:47 UTC</createdTime>
<ownerDesignName>4_CC2_GROUPE1_MPD_DM2</ownerDesignName>
<nullsAllowed>true</nullsAllowed>
<useDomainConstraints>false</useDomainConstraints>
<use>1</use>
<logicalDatatype>LOGDT024</logicalDatatype>
<dataTypeSize>5 CHAR</dataTypeSize>
<ownDataTypeParameters>5 CHAR,,</ownDataTypeParameters>
<autoIncrementCycle>false</autoIncrementCycle>
</Column>
<Column name="LIBELLE_PANNE" id="A9D715F1-2E99-1573-46EE-C109894E589C">
<createdBy>root</createdBy>
<createdTime>2022-10-29 14:09:04 UTC</createdTime>
<ownerDesignName>4_CC2_GROUPE1_MPD_DM2</ownerDesignName>
<nullsAllowed>true</nullsAllowed>
<useDomainConstraints>false</useDomainConstraints>
<use>1</use>
<logicalDatatype>LOGDT024</logicalDatatype>
<dataTypeSize>100 CHAR</dataTypeSize>
<ownDataTypeParameters>100 CHAR,,</ownDataTypeParameters>
<autoIncrementCycle>false</autoIncrementCycle>
</Column>
</columns>
<indexes itemClass="oracle.dbtools.crest.model.design.relational.Index">
<ind_PK_UK id="504C5989-A485-7194-C41E-CFDA71D00129" name="DIM_PANNE_D_PK">
<createdBy>root</createdBy>
<createdTime>2022-10-29 14:08:22 UTC</createdTime>
<ownerDesignName>4_CC2_GROUPE1_MPD_DM2</ownerDesignName>
<pk>true</pk>
<indexState>Primary Constraint</indexState>
<isSurrogateKey>false</isSurrogateKey>
<indexColumnUsage>
<colUsage columnID="118B49CE-9D5C-99A6-E207-C8DAFD0EE4BB"/>
</indexColumnUsage>
</ind_PK_UK>
</indexes>
</Table>