<?xml version = '1.0' encoding = 'UTF-8'?>
<Table class="oracle.dbtools.crest.model.design.relational.Table" directorySegmentName="seg_0" id="3C21E94E-5723-F913-6F2D-2E8E4EBA338F" schemaObject="4094B70D-1456-C163-3833-6F6EA8A3E047" name="DIM_REPARATEUR_D">
<createdBy>root</createdBy>
<createdTime>2022-10-29 13:53:01 UTC</createdTime>
<ownerDesignName>4_CC2_GROUPE1_MPD_DM2</ownerDesignName>
<ordsAlias>table_6</ordsAlias>
<typeID>2</typeID>
<allowColumnReorder>false</allowColumnReorder>
<existDependencyGenerateInDDl>true</existDependencyGenerateInDDl>
<parsed>true</parsed>
<columns itemClass="oracle.dbtools.crest.model.design.relational.Column">
<Column name="ID_REPARATEUR" id="9A907007-37DD-268A-E669-363A8FB7DA56">
<createdBy>root</createdBy>
<createdTime>2022-10-29 13:53:31 UTC</createdTime>
<ownerDesignName>4_CC2_GROUPE1_MPD_DM2</ownerDesignName>
<useDomainConstraints>false</useDomainConstraints>
<use>1</use>
<logicalDatatype>LOGDT019</logicalDatatype>
<ownDataTypeParameters>,,</ownDataTypeParameters>
<autoIncrementColumn>true</autoIncrementColumn>
<autoIncrementCycle>false</autoIncrementCycle>
<autoIncrementSequenceName>SEQ_REPARATEUR_D</autoIncrementSequenceName>
<autoIncrementGenerateTrigger>false</autoIncrementGenerateTrigger>
</Column>
<Column name="ID_REPARATEUR_SRC" id="99C6FC6E-615E-653C-A34A-8A200A344B10">
<createdBy>root</createdBy>
<createdTime>2022-10-29 13:53:31 UTC</createdTime>
<ownerDesignName>4_CC2_GROUPE1_MPD_DM2</ownerDesignName>
<nullsAllowed>true</nullsAllowed>
<useDomainConstraints>false</useDomainConstraints>
<use>1</use>
<logicalDatatype>LOGDT019</logicalDatatype>
<ownDataTypeParameters>,,</ownDataTypeParameters>
<autoIncrementCycle>false</autoIncrementCycle>
</Column>
<Column name="PRENOM_REPARATEUR" id="5F979BE7-0779-ADE0-BDEA-42DD9380C4F4">
<createdBy>root</createdBy>
<createdTime>2022-10-29 14:00:19 UTC</createdTime>
<ownerDesignName>4_CC2_GROUPE1_MPD_DM2</ownerDesignName>
<nullsAllowed>true</nullsAllowed>
<useDomainConstraints>false</useDomainConstraints>
<use>1</use>
<logicalDatatype>LOGDT024</logicalDatatype>
<dataTypeSize>100 CHAR</dataTypeSize>
<ownDataTypeParameters>100 CHAR,,</ownDataTypeParameters>
<autoIncrementCycle>false</autoIncrementCycle>
</Column>
<Column name="NOM_REPARATEUR" id="AF84C42A-B50B-0F88-ACF1-AC02748D4782">
<createdBy>root</createdBy>
<createdTime>2022-10-29 14:00:19 UTC</createdTime>
<ownerDesignName>4_CC2_GROUPE1_MPD_DM2</ownerDesignName>
<nullsAllowed>true</nullsAllowed>
<useDomainConstraints>false</useDomainConstraints>
<use>1</use>
<logicalDatatype>LOGDT024</logicalDatatype>
<dataTypeSize>100 CHAR</dataTypeSize>
<ownDataTypeParameters>100 CHAR,,</ownDataTypeParameters>
<autoIncrementCycle>false</autoIncrementCycle>
</Column>
</columns>
<indexes itemClass="oracle.dbtools.crest.model.design.relational.Index">
<ind_PK_UK id="9B167C8A-EFCF-5026-80DE-3D9F55058DEE" name="DIM_REPARATEUR_D_PK">
<createdBy>root</createdBy>
<createdTime>2022-10-29 13:53:31 UTC</createdTime>
<ownerDesignName>4_CC2_GROUPE1_MPD_DM2</ownerDesignName>
<pk>true</pk>
<indexState>Primary Constraint</indexState>
<isSurrogateKey>false</isSurrogateKey>
<indexColumnUsage>
<colUsage columnID="9A907007-37DD-268A-E669-363A8FB7DA56"/>
</indexColumnUsage>
</ind_PK_UK>
</indexes>
</Table>