<?xml version = '1.0' encoding = 'UTF-8'?>
<Table class="oracle.dbtools.crest.model.design.relational.Table" directorySegmentName="seg_0" id="42948BD0-56FE-673A-BCD4-F8D1D7CC7CA1" schemaObject="4094B70D-1456-C163-3833-6F6EA8A3E047" name="FAIT_REPARATION_F">
<createdBy>root</createdBy>
<createdTime>2022-10-29 13:52:09 UTC</createdTime>
<ownerDesignName>4_CC2_GROUPE1_MPD_DM2</ownerDesignName>
<ordsAlias>table_5</ordsAlias>
<typeID>1</typeID>
<allowColumnReorder>false</allowColumnReorder>
<existDependencyGenerateInDDl>true</existDependencyGenerateInDDl>
<parsed>true</parsed>
<columns itemClass="oracle.dbtools.crest.model.design.relational.Column">
<Column name="ID_REPARATION" id="67458E78-5D20-B9AD-3A6D-0C975F779A06">
<createdBy>root</createdBy>
<createdTime>2022-10-29 13:52:30 UTC</createdTime>
<ownerDesignName>4_CC2_GROUPE1_MPD_DM2</ownerDesignName>
<useDomainConstraints>false</useDomainConstraints>
<use>1</use>
<logicalDatatype>LOGDT019</logicalDatatype>
<ownDataTypeParameters>,,</ownDataTypeParameters>
<autoIncrementColumn>true</autoIncrementColumn>
<autoIncrementCycle>false</autoIncrementCycle>
<autoIncrementSequenceName>SEQ_REPARATION_F</autoIncrementSequenceName>
<autoIncrementGenerateTrigger>false</autoIncrementGenerateTrigger>
</Column>
<Column name="ID_VELO" id="28E40806-48C9-282D-5149-5D0EF7541154">
<createdBy>root</createdBy>
<createdTime>2022-10-29 14:23:19 UTC</createdTime>
<ownerDesignName>4_CC2_GROUPE1_MPD_DM2</ownerDesignName>
<useDomainConstraints>false</useDomainConstraints>
<use>1</use>
<logicalDatatype>LOGDT019</logicalDatatype>
<ownDataTypeParameters>,,</ownDataTypeParameters>
<autoIncrementCycle>false</autoIncrementCycle>
<associations>
<colAssociation fkAssociation="ACF991D9-ED6E-51BF-EC09-7DF1D4AE52D8" referredColumn="121AC31E-9048-84CC-0400-D80A328DD754"/>
</associations>
</Column>
<Column name="ID_TYPE_VELO" id="8CB96116-AA6F-CA4F-9A7D-49414959D5FE">
<createdBy>root</createdBy>
<createdTime>2022-10-29 14:23:19 UTC</createdTime>
<ownerDesignName>4_CC2_GROUPE1_MPD_DM2</ownerDesignName>
<useDomainConstraints>false</useDomainConstraints>
<use>1</use>
<logicalDatatype>LOGDT019</logicalDatatype>
<ownDataTypeParameters>,,</ownDataTypeParameters>
<autoIncrementCycle>false</autoIncrementCycle>
<associations>
<colAssociation fkAssociation="AD8DB898-9201-0592-DDBE-758EE8D6F43C" referredColumn="4BF28C53-BCEB-A1AE-CAC5-2F3BB099C87B"/>
</associations>
</Column>
<Column name="ID_BORNE" id="8AEBF4B8-F84A-5DE1-FB41-DE71F2302223">
<createdBy>root</createdBy>
<createdTime>2022-11-23 12:33:57 UTC</createdTime>
<ownerDesignName>4_CC2_GROUPE1_MPD_DM2</ownerDesignName>
<useDomainConstraints>false</useDomainConstraints>
<use>1</use>
<logicalDatatype>LOGDT019</logicalDatatype>
<ownDataTypeParameters>,,</ownDataTypeParameters>
<autoIncrementCycle>false</autoIncrementCycle>
<associations>
<colAssociation fkAssociation="A2FC9E62-8FBF-C262-30FB-C23A91D3BFE2" referredColumn="BC62305B-08A4-74CD-7AF4-2022AEBC7D07"/>
</associations>
</Column>
<Column name="ID_DATE_REPARATION" id="A837CC05-B8FA-262C-40C0-4EEAF1409A3D">
<createdBy>root</createdBy>
<createdTime>2022-10-29 14:23:19 UTC</createdTime>
<ownerDesignName>4_CC2_GROUPE1_MPD_DM2</ownerDesignName>
<useDomainConstraints>false</useDomainConstraints>
<use>1</use>
<logicalDatatype>LOGDT019</logicalDatatype>
<ownDataTypeParameters>,,</ownDataTypeParameters>
<autoIncrementCycle>false</autoIncrementCycle>
<associations>
<colAssociation fkAssociation="54F4E3C9-F610-83A5-1D46-D4AD4000DCD8" referredColumn="7AC99B0B-F9C2-3E64-4C29-3E8AED6635C5"/>
</associations>
</Column>
<Column name="ID_PANNE" id="628E5582-62AC-2A34-35F4-B4660E5FB71E">
<createdBy>root</createdBy>
<createdTime>2022-10-29 14:23:19 UTC</createdTime>
<ownerDesignName>4_CC2_GROUPE1_MPD_DM2</ownerDesignName>
<useDomainConstraints>false</useDomainConstraints>
<use>1</use>
<logicalDatatype>LOGDT019</logicalDatatype>
<ownDataTypeParameters>,,</ownDataTypeParameters>
<autoIncrementCycle>false</autoIncrementCycle>
<associations>
<colAssociation fkAssociation="1204EAD0-E4E9-4AFE-6809-FCDBE066E34F" referredColumn="118B49CE-9D5C-99A6-E207-C8DAFD0EE4BB"/>
</associations>
</Column>
<Column name="ID_STATION" id="FBF97768-8D50-3701-73ED-FF6F662A495E">
<createdBy>root</createdBy>
<createdTime>2022-10-29 14:23:19 UTC</createdTime>
<ownerDesignName>4_CC2_GROUPE1_MPD_DM2</ownerDesignName>
<useDomainConstraints>false</useDomainConstraints>
<use>1</use>
<logicalDatatype>LOGDT019</logicalDatatype>
<ownDataTypeParameters>,,</ownDataTypeParameters>
<autoIncrementCycle>false</autoIncrementCycle>
<associations>
<colAssociation fkAssociation="6F42E26F-799D-668A-7154-B097822D43D2" referredColumn="715100C2-4C05-B0A7-EC33-9BD3259517CF"/>
</associations>
</Column>
<Column name="ID_ENTREPRISE" id="F8236900-A709-D772-8577-36930575AF69">
<createdBy>root</createdBy>
<createdTime>2022-10-29 14:23:19 UTC</createdTime>
<ownerDesignName>4_CC2_GROUPE1_MPD_DM2</ownerDesignName>
<useDomainConstraints>false</useDomainConstraints>
<use>1</use>
<logicalDatatype>LOGDT019</logicalDatatype>
<ownDataTypeParameters>,,</ownDataTypeParameters>
<autoIncrementCycle>false</autoIncrementCycle>
<associations>
<colAssociation fkAssociation="8A7A5975-0C80-3163-CA1A-39C24DC28069" referredColumn="43748CE6-69C4-2FF6-94BA-90DBD1FFA929"/>
</associations>
</Column>
<Column name="ID_REPARATEUR" id="B5ACEA49-3F61-7CDF-9711-A82C8E53589C">
<createdBy>root</createdBy>
<createdTime>2022-10-29 14:23:19 UTC</createdTime>
<ownerDesignName>4_CC2_GROUPE1_MPD_DM2</ownerDesignName>
<useDomainConstraints>false</useDomainConstraints>
<use>1</use>
<logicalDatatype>LOGDT019</logicalDatatype>
<ownDataTypeParameters>,,</ownDataTypeParameters>
<autoIncrementCycle>false</autoIncrementCycle>
<associations>
<colAssociation fkAssociation="2B5C4B4B-CF11-4DA4-B4EE-FB82DB27270E" referredColumn="9A907007-37DD-268A-E669-363A8FB7DA56"/>
</associations>
</Column>
<Column name="ID_LOCALISATION" id="F812718C-E035-B0F8-09CC-BBEDED0B6189">
<createdBy>root</createdBy>
<createdTime>2022-10-29 14:23:19 UTC</createdTime>
<ownerDesignName>4_CC2_GROUPE1_MPD_DM2</ownerDesignName>
<useDomainConstraints>false</useDomainConstraints>
<use>1</use>
<logicalDatatype>LOGDT019</logicalDatatype>
<ownDataTypeParameters>,,</ownDataTypeParameters>
<autoIncrementCycle>false</autoIncrementCycle>
<associations>
<colAssociation fkAssociation="32F5B60E-B4F0-9D2A-77C3-249AA9D41C13" referredColumn="8D9055BC-A447-D2E3-2660-33990A258F16"/>
</associations>
</Column>
<Column name="TEMPS_REPARATION" id="63271E74-425A-2C64-F8B4-82A126DCE2FF">
<createdBy>root</createdBy>
<createdTime>2022-10-29 14:24:15 UTC</createdTime>
<ownerDesignName>4_CC2_GROUPE1_MPD_DM2</ownerDesignName>
<nullsAllowed>true</nullsAllowed>
<useDomainConstraints>false</useDomainConstraints>
<use>1</use>
<logicalDatatype>LOGDT020</logicalDatatype>
<ownDataTypeParameters>,,</ownDataTypeParameters>
<autoIncrementCycle>false</autoIncrementCycle>
</Column>
<Column name="MONTANT_REPARATION" id="DF202C48-22AF-1DBE-980D-EFA20B54456E">
<createdBy>root</createdBy>
<createdTime>2022-10-29 14:24:15 UTC</createdTime>
<ownerDesignName>4_CC2_GROUPE1_MPD_DM2</ownerDesignName>
<nullsAllowed>true</nullsAllowed>
<useDomainConstraints>false</useDomainConstraints>
<use>1</use>
<logicalDatatype>LOGDT020</logicalDatatype>
<ownDataTypeParameters>,,</ownDataTypeParameters>
<autoIncrementCycle>false</autoIncrementCycle>
</Column>
<Column name="DATE_TRAITEMENT" id="7BF3DDFA-64F6-8F94-EA53-C9BD844F59E7">
<createdBy>root</createdBy>
<createdTime>2022-10-29 14:24:15 UTC</createdTime>
<ownerDesignName>4_CC2_GROUPE1_MPD_DM2</ownerDesignName>
<nullsAllowed>true</nullsAllowed>
<useDomainConstraints>false</useDomainConstraints>
<use>1</use>
<logicalDatatype>LOGDT007</logicalDatatype>
<ownDataTypeParameters>,,</ownDataTypeParameters>
<autoIncrementCycle>false</autoIncrementCycle>
</Column>
</columns>
<indexes itemClass="oracle.dbtools.crest.model.design.relational.Index">
<ind_PK_UK id="A7D4ED46-78C4-CB55-E7B5-3353EAA47F3F" name="FAIT_REPARATION_F_PK">
<createdBy>root</createdBy>
<createdTime>2022-10-29 13:52:30 UTC</createdTime>
<ownerDesignName>4_CC2_GROUPE1_MPD_DM2</ownerDesignName>
<pk>true</pk>
<indexState>Primary Constraint</indexState>
<isSurrogateKey>false</isSurrogateKey>
<indexColumnUsage>
<colUsage columnID="67458E78-5D20-B9AD-3A6D-0C975F779A06"/>
</indexColumnUsage>
</ind_PK_UK>
<ind_PK_UK id="64407BE6-26B9-09F3-0384-258641CD99F0" name="FAIT_REPARATION_F_DIM_VELO_D_FK">
<createdBy>root</createdBy>
<createdTime>2022-10-29 14:24:30 UTC</createdTime>
<ownerDesignName>4_CC2_GROUPE1_MPD_DM2</ownerDesignName>
<indexState>Foreign Key</indexState>
<isSurrogateKey>false</isSurrogateKey>
<indexColumnUsage>
<colUsage columnID="28E40806-48C9-282D-5149-5D0EF7541154"/>
</indexColumnUsage>
</ind_PK_UK>
<ind_PK_UK id="7A8B213E-EA55-2572-D4BA-AA4FC4FFEF51" name="FAIT_REPARATION_F_DIM_TYPE_VELO_D_FK">
<createdBy>root</createdBy>
<createdTime>2022-10-29 14:24:49 UTC</createdTime>
<ownerDesignName>4_CC2_GROUPE1_MPD_DM2</ownerDesignName>
<indexState>Foreign Key</indexState>
<isSurrogateKey>false</isSurrogateKey>
<indexColumnUsage>
<colUsage columnID="8CB96116-AA6F-CA4F-9A7D-49414959D5FE"/>
</indexColumnUsage>
</ind_PK_UK>
<ind_PK_UK id="208B3F4E-D03D-7198-58F5-5199596C82C8" name="FAIT_REPARATION_F_DIM_DATE_REPARATION_D_FK">
<createdBy>root</createdBy>
<createdTime>2022-10-29 14:24:56 UTC</createdTime>
<ownerDesignName>4_CC2_GROUPE1_MPD_DM2</ownerDesignName>
<indexState>Foreign Key</indexState>
<isSurrogateKey>false</isSurrogateKey>
<indexColumnUsage>
<colUsage columnID="A837CC05-B8FA-262C-40C0-4EEAF1409A3D"/>
</indexColumnUsage>
</ind_PK_UK>
<ind_PK_UK id="C68A4F33-2FD5-7CA7-C207-4992F03F1867" name="FAIT_REPARATION_F_DIM_PANNE_D_FK">
<createdBy>root</createdBy>
<createdTime>2022-10-29 14:25:04 UTC</createdTime>
<ownerDesignName>4_CC2_GROUPE1_MPD_DM2</ownerDesignName>
<indexState>Foreign Key</indexState>
<isSurrogateKey>false</isSurrogateKey>
<indexColumnUsage>
<colUsage columnID="628E5582-62AC-2A34-35F4-B4660E5FB71E"/>
</indexColumnUsage>
</ind_PK_UK>
<ind_PK_UK id="93B83A37-0B3E-684E-1A49-AA4BD1E135B6" name="FAIT_REPARATION_F_DIM_STATION_D_FK">
<createdBy>root</createdBy>
<createdTime>2022-10-29 14:25:11 UTC</createdTime>
<ownerDesignName>4_CC2_GROUPE1_MPD_DM2</ownerDesignName>
<indexState>Foreign Key</indexState>
<isSurrogateKey>false</isSurrogateKey>
<indexColumnUsage>
<colUsage columnID="FBF97768-8D50-3701-73ED-FF6F662A495E"/>
</indexColumnUsage>
</ind_PK_UK>
<ind_PK_UK id="8F815249-C244-F58B-26C0-09295B3C733D" name="FAIT_REPARATION_F_DIM_ENTREPRISE_REPARATION_FK">
<createdBy>root</createdBy>
<createdTime>2022-10-29 14:25:51 UTC</createdTime>
<ownerDesignName>4_CC2_GROUPE1_MPD_DM2</ownerDesignName>
<indexState>Foreign Key</indexState>
<isSurrogateKey>false</isSurrogateKey>
<indexColumnUsage>
<colUsage columnID="F8236900-A709-D772-8577-36930575AF69"/>
</indexColumnUsage>
</ind_PK_UK>
<ind_PK_UK id="0B00FD6B-8763-6E85-6B3F-20D661B57283" name="FAIT_REPARATION_F_DIM_REPARATEUR_D_FK">
<createdBy>root</createdBy>
<createdTime>2022-10-29 14:25:58 UTC</createdTime>
<ownerDesignName>4_CC2_GROUPE1_MPD_DM2</ownerDesignName>
<indexState>Foreign Key</indexState>
<isSurrogateKey>false</isSurrogateKey>
<indexColumnUsage>
<colUsage columnID="B5ACEA49-3F61-7CDF-9711-A82C8E53589C"/>
</indexColumnUsage>
</ind_PK_UK>
<ind_PK_UK id="7D96B063-3FF2-9781-1027-2A2A41D4A936" name="FAIT_REPARATION_F_DIM_LOCALISATION_D_FK">
<createdBy>root</createdBy>
<createdTime>2022-10-29 14:26:30 UTC</createdTime>
<ownerDesignName>4_CC2_GROUPE1_MPD_DM2</ownerDesignName>
<indexState>Foreign Key</indexState>
<isSurrogateKey>false</isSurrogateKey>
<indexColumnUsage>
<colUsage columnID="F812718C-E035-B0F8-09CC-BBEDED0B6189"/>
</indexColumnUsage>
</ind_PK_UK>
<ind_PK_UK id="82D30836-C51D-4148-8E62-6F954D273E19" name="FAIT_REPARATION_F_DIM_BORNE_D_FK">
<createdBy>root</createdBy>
<createdTime>2022-11-23 13:07:54 UTC</createdTime>
<ownerDesignName>4_CC2_GROUPE1_MPD_DM2</ownerDesignName>
<indexState>Foreign Key</indexState>
<isSurrogateKey>false</isSurrogateKey>
<indexColumnUsage>
<colUsage columnID="8AEBF4B8-F84A-5DE1-FB41-DE71F2302223"/>
</indexColumnUsage>
</ind_PK_UK>
</indexes>
</Table>