<?xml version = '1.0' encoding = 'UTF-8'?>
<Table class="oracle.dbtools.crest.model.design.relational.Table" directorySegmentName="seg_0" id="45DE4FCA-FD50-2821-7849-5A6A6ED2A2BD" schemaObject="4094B70D-1456-C163-3833-6F6EA8A3E047" name="DIM_LOCALISATION_D">
<createdBy>root</createdBy>
<createdTime>2022-10-29 14:20:45 UTC</createdTime>
<ownerDesignName>4_CC2_GROUPE1_MPD_DM2</ownerDesignName>
<ordsAlias>table_7</ordsAlias>
<typeID>2</typeID>
<allowColumnReorder>false</allowColumnReorder>
<existDependencyGenerateInDDl>true</existDependencyGenerateInDDl>
<parsed>true</parsed>
<columns itemClass="oracle.dbtools.crest.model.design.relational.Column">
<Column name="ID_LOCALISATION" id="8D9055BC-A447-D2E3-2660-33990A258F16">
<createdBy>root</createdBy>
<createdTime>2022-10-29 14:20:45 UTC</createdTime>
<ownerDesignName>4_CC2_GROUPE1_MPD_DM2</ownerDesignName>
<useDomainConstraints>false</useDomainConstraints>
<use>1</use>
<logicalDatatype>LOGDT019</logicalDatatype>
<ownDataTypeParameters>,,</ownDataTypeParameters>
<autoIncrementColumn>true</autoIncrementColumn>
<autoIncrementCycle>false</autoIncrementCycle>
<autoIncrementSequenceName>SEQ_LOCALISATION_D</autoIncrementSequenceName>
<autoIncrementGenerateTrigger>false</autoIncrementGenerateTrigger>
</Column>
<Column name="ID_LOCALISATION_SRC" id="6CFCA772-E955-2519-F5D5-E6760F0ABACD">
<createdBy>root</createdBy>
<createdTime>2022-10-29 14:20:45 UTC</createdTime>
<ownerDesignName>4_CC2_GROUPE1_MPD_DM2</ownerDesignName>
<nullsAllowed>true</nullsAllowed>
<useDomainConstraints>false</useDomainConstraints>
<use>1</use>
<logicalDatatype>LOGDT019</logicalDatatype>
<ownDataTypeParameters>,,</ownDataTypeParameters>
<autoIncrementCycle>false</autoIncrementCycle>
</Column>
<Column name="LONGITUDE" id="BDF5AC70-A4B0-2F14-FA77-7D87CBA8642E">
<createdBy>root</createdBy>
<createdTime>2022-10-29 14:20:45 UTC</createdTime>
<ownerDesignName>4_CC2_GROUPE1_MPD_DM2</ownerDesignName>
<nullsAllowed>true</nullsAllowed>
<useDomainConstraints>false</useDomainConstraints>
<use>1</use>
<logicalDatatype>LOGDT019</logicalDatatype>
<dataTypePrecision>9</dataTypePrecision>
<dataTypeScale>6</dataTypeScale>
<ownDataTypeParameters>,9,6</ownDataTypeParameters>
<autoIncrementCycle>false</autoIncrementCycle>
</Column>
<Column name="LATITUDE" id="EAC256F1-D066-48AB-A896-981430D617BF">
<createdBy>root</createdBy>
<createdTime>2022-10-29 14:20:45 UTC</createdTime>
<ownerDesignName>4_CC2_GROUPE1_MPD_DM2</ownerDesignName>
<nullsAllowed>true</nullsAllowed>
<useDomainConstraints>false</useDomainConstraints>
<use>1</use>
<logicalDatatype>LOGDT019</logicalDatatype>
<dataTypePrecision>8</dataTypePrecision>
<dataTypeScale>6</dataTypeScale>
<ownDataTypeParameters>,8,6</ownDataTypeParameters>
<autoIncrementCycle>false</autoIncrementCycle>
</Column>
</columns>
<indexes itemClass="oracle.dbtools.crest.model.design.relational.Index">
<ind_PK_UK id="E6E5DB6F-B456-A019-599E-2718FE6BE528" name="DIM_LOCALISATION_D_PK">
<createdBy>root</createdBy>
<createdTime>2022-10-29 14:20:45 UTC</createdTime>
<ownerDesignName>4_CC2_GROUPE1_MPD_DM2</ownerDesignName>
<pk>true</pk>
<indexState>Primary Constraint</indexState>
<isSurrogateKey>false</isSurrogateKey>
<indexColumnUsage>
<colUsage columnID="8D9055BC-A447-D2E3-2660-33990A258F16"/>
</indexColumnUsage>
</ind_PK_UK>
</indexes>
</Table>