<?xml version = '1.0' encoding = 'UTF-8'?>
<Table class="oracle.dbtools.crest.model.design.relational.Table" directorySegmentName="seg_0" id="BFE440C9-314D-0F59-A955-9A21A701EF6D" schemaObject="4094B70D-1456-C163-3833-6F6EA8A3E047" name="DIM_TYPE_VELO_D">
<createdBy>root</createdBy>
<createdTime>2022-10-29 13:49:11 UTC</createdTime>
<ownerDesignName>4_CC2_GROUPE1_MPD_DM2</ownerDesignName>
<ordsAlias>table_2</ordsAlias>
<typeID>2</typeID>
<allowColumnReorder>false</allowColumnReorder>
<existDependencyGenerateInDDl>true</existDependencyGenerateInDDl>
<parsed>true</parsed>
<columns itemClass="oracle.dbtools.crest.model.design.relational.Column">
<Column name="ID_TYPE_VELO" id="4BF28C53-BCEB-A1AE-CAC5-2F3BB099C87B">
<createdBy>root</createdBy>
<createdTime>2022-10-29 13:50:05 UTC</createdTime>
<ownerDesignName>4_CC2_GROUPE1_MPD_DM2</ownerDesignName>
<useDomainConstraints>false</useDomainConstraints>
<use>1</use>
<logicalDatatype>LOGDT019</logicalDatatype>
<ownDataTypeParameters>,,</ownDataTypeParameters>
<autoIncrementColumn>true</autoIncrementColumn>
<autoIncrementCycle>false</autoIncrementCycle>
<autoIncrementSequenceName>SEQ_TYPE_VELO_D</autoIncrementSequenceName>
<autoIncrementGenerateTrigger>false</autoIncrementGenerateTrigger>
</Column>
<Column name="ID_TYPE_VELO_SRC" id="5EC8D9F5-6D01-7F6F-C0B4-55F1569F442B">
<createdBy>root</createdBy>
<createdTime>2022-10-29 13:54:00 UTC</createdTime>
<ownerDesignName>4_CC2_GROUPE1_MPD_DM2</ownerDesignName>
<nullsAllowed>true</nullsAllowed>
<useDomainConstraints>false</useDomainConstraints>
<use>1</use>
<logicalDatatype>LOGDT019</logicalDatatype>
<ownDataTypeParameters>,,</ownDataTypeParameters>
<autoIncrementCycle>false</autoIncrementCycle>
</Column>
<Column name="CODE_TYPE_VELO" id="285D0FE5-CA8B-17D5-6338-96CD0405825C">
<createdBy>root</createdBy>
<createdTime>2022-10-29 13:50:05 UTC</createdTime>
<ownerDesignName>4_CC2_GROUPE1_MPD_DM2</ownerDesignName>
<nullsAllowed>true</nullsAllowed>
<useDomainConstraints>false</useDomainConstraints>
<use>1</use>
<logicalDatatype>LOGDT024</logicalDatatype>
<dataTypeSize>5 CHAR</dataTypeSize>
<ownDataTypeParameters>5 CHAR,,</ownDataTypeParameters>
<autoIncrementCycle>false</autoIncrementCycle>
</Column>
<Column name="LIBELLE_TYPE_VELO" id="0C4AB047-C105-AC77-2B91-52EB3C86EB3A">
<createdBy>root</createdBy>
<createdTime>2022-10-29 13:50:05 UTC</createdTime>
<ownerDesignName>4_CC2_GROUPE1_MPD_DM2</ownerDesignName>
<nullsAllowed>true</nullsAllowed>
<useDomainConstraints>false</useDomainConstraints>
<use>1</use>
<logicalDatatype>LOGDT024</logicalDatatype>
<dataTypeSize>100 CHAR</dataTypeSize>
<ownDataTypeParameters>100 CHAR,,</ownDataTypeParameters>
<autoIncrementCycle>false</autoIncrementCycle>
</Column>
</columns>
<indexes itemClass="oracle.dbtools.crest.model.design.relational.Index">
<ind_PK_UK id="0A7E810D-9163-EC1A-15FD-1662F27F1C12" name="DIM_TYPE_VELO_D_PK">
<createdBy>root</createdBy>
<createdTime>2022-10-29 13:50:05 UTC</createdTime>
<ownerDesignName>4_CC2_GROUPE1_MPD_DM2</ownerDesignName>
<pk>true</pk>
<indexState>Primary Constraint</indexState>
<isSurrogateKey>false</isSurrogateKey>
<indexColumnUsage>
<colUsage columnID="4BF28C53-BCEB-A1AE-CAC5-2F3BB099C87B"/>
</indexColumnUsage>
</ind_PK_UK>
</indexes>
</Table>