<?xml version = '1.0' encoding = 'UTF-8'?>
<Table class="oracle.dbtools.crest.model.design.relational.Table" directorySegmentName="seg_0" id="E2C72A72-7C67-E4B2-F0D6-04597B707CDE" schemaObject="6B2EB459-5C03-6E3A-E317-B0B64B57355C" name="REJET_REPARATION">
<createdBy>root</createdBy>
<createdTime>2022-10-29 14:40:33 UTC</createdTime>
<ownerDesignName>4_CC2_GROUPE1_MPD_DM2</ownerDesignName>
<ordsAlias>table_12</ordsAlias>
<allowColumnReorder>false</allowColumnReorder>
<existDependencyGenerateInDDl>true</existDependencyGenerateInDDl>
<parsed>true</parsed>
<columns itemClass="oracle.dbtools.crest.model.design.relational.Column">
<Column name="ID_REJET_REPARATION" id="F9B77692-8657-99AF-AF83-BAA4351F186F">
<createdBy>root</createdBy>
<createdTime>2022-10-29 14:40:33 UTC</createdTime>
<ownerDesignName>4_CC2_GROUPE1_MPD_DM2</ownerDesignName>
<useDomainConstraints>false</useDomainConstraints>
<use>1</use>
<logicalDatatype>LOGDT019</logicalDatatype>
<ownDataTypeParameters>,,</ownDataTypeParameters>
<autoIncrementColumn>true</autoIncrementColumn>
<autoIncrementCycle>false</autoIncrementCycle>
<autoIncrementSequenceName>SEQ_REJET_REPARATION</autoIncrementSequenceName>
<autoIncrementGenerateTrigger>false</autoIncrementGenerateTrigger>
</Column>
<Column name="ID_VELO" id="6ABA36EE-3DAC-FE1C-60E1-4DA07893A654">
<createdBy>root</createdBy>
<createdTime>2022-10-29 14:40:33 UTC</createdTime>
<ownerDesignName>4_CC2_GROUPE1_MPD_DM2</ownerDesignName>
<nullsAllowed>true</nullsAllowed>
<useDomainConstraints>false</useDomainConstraints>
<use>1</use>
<logicalDatatype>LOGDT019</logicalDatatype>
<ownDataTypeParameters>,,</ownDataTypeParameters>
<autoIncrementCycle>false</autoIncrementCycle>
</Column>
<Column name="CODE_VELO" id="294D8BD2-8208-C490-3E33-6C577634623C">
<createdBy>root</createdBy>
<createdTime>2022-10-29 14:40:33 UTC</createdTime>
<ownerDesignName>4_CC2_GROUPE1_MPD_DM2</ownerDesignName>
<nullsAllowed>true</nullsAllowed>
<useDomainConstraints>false</useDomainConstraints>
<use>1</use>
<logicalDatatype>LOGDT024</logicalDatatype>
<dataTypeSize>10 CHAR</dataTypeSize>
<ownDataTypeParameters>10 CHAR,,</ownDataTypeParameters>
<autoIncrementCycle>false</autoIncrementCycle>
</Column>
<Column name="LIBELLE_VELO" id="1B1929BD-2C6C-02B6-EBC6-666CD06E5377">
<createdBy>root</createdBy>
<createdTime>2022-10-29 14:40:33 UTC</createdTime>
<ownerDesignName>4_CC2_GROUPE1_MPD_DM2</ownerDesignName>
<nullsAllowed>true</nullsAllowed>
<useDomainConstraints>false</useDomainConstraints>
<use>1</use>
<logicalDatatype>LOGDT024</logicalDatatype>
<dataTypeSize>100 CHAR</dataTypeSize>
<ownDataTypeParameters>100 CHAR,,</ownDataTypeParameters>
<autoIncrementCycle>false</autoIncrementCycle>
</Column>
<Column name="ID_TYPE_VELO" id="BB982794-F4E9-A45D-C720-C4F1A48AD28E">
<createdBy>root</createdBy>
<createdTime>2022-10-29 14:40:33 UTC</createdTime>
<ownerDesignName>4_CC2_GROUPE1_MPD_DM2</ownerDesignName>
<nullsAllowed>true</nullsAllowed>
<useDomainConstraints>false</useDomainConstraints>
<use>1</use>
<logicalDatatype>LOGDT019</logicalDatatype>
<ownDataTypeParameters>,,</ownDataTypeParameters>
<autoIncrementCycle>false</autoIncrementCycle>
</Column>
<Column name="CODE_TYPE_VELO" id="421493DE-F4E5-2DE0-DE87-B4E350C91609">
<createdBy>root</createdBy>
<createdTime>2022-10-29 14:40:33 UTC</createdTime>
<ownerDesignName>4_CC2_GROUPE1_MPD_DM2</ownerDesignName>
<nullsAllowed>true</nullsAllowed>
<useDomainConstraints>false</useDomainConstraints>
<use>1</use>
<logicalDatatype>LOGDT024</logicalDatatype>
<dataTypeSize>5 CHAR</dataTypeSize>
<ownDataTypeParameters>5 CHAR,,</ownDataTypeParameters>
<autoIncrementCycle>false</autoIncrementCycle>
</Column>
<Column name="LIBELLE_TYPE_VELO" id="CA7AB80B-27EA-AE1D-A017-FCEB28BD30C0">
<createdBy>root</createdBy>
<createdTime>2022-10-29 14:40:33 UTC</createdTime>
<ownerDesignName>4_CC2_GROUPE1_MPD_DM2</ownerDesignName>
<nullsAllowed>true</nullsAllowed>
<useDomainConstraints>false</useDomainConstraints>
<use>1</use>
<logicalDatatype>LOGDT024</logicalDatatype>
<dataTypeSize>100 CHAR</dataTypeSize>
<ownDataTypeParameters>100 CHAR,,</ownDataTypeParameters>
<autoIncrementCycle>false</autoIncrementCycle>
</Column>
<Column name="NOMBRE_KM_PARCOURUS" id="6ABFA539-6716-12D5-AB5B-4934DA6B789B">
<createdBy>root</createdBy>
<createdTime>2022-10-29 14:40:33 UTC</createdTime>
<ownerDesignName>4_CC2_GROUPE1_MPD_DM2</ownerDesignName>
<nullsAllowed>true</nullsAllowed>
<useDomainConstraints>false</useDomainConstraints>
<use>1</use>
<logicalDatatype>LOGDT019</logicalDatatype>
<ownDataTypeParameters>,,</ownDataTypeParameters>
<autoIncrementCycle>false</autoIncrementCycle>
</Column>
<Column name="DUREE_REPARATION" id="C08F29E8-06AF-0067-103D-30F13EC57DB9">
<createdBy>root</createdBy>
<createdTime>2022-10-29 14:40:33 UTC</createdTime>
<ownerDesignName>4_CC2_GROUPE1_MPD_DM2</ownerDesignName>
<nullsAllowed>true</nullsAllowed>
<useDomainConstraints>false</useDomainConstraints>
<use>1</use>
<logicalDatatype>LOGDT019</logicalDatatype>
<ownDataTypeParameters>,,</ownDataTypeParameters>
<autoIncrementCycle>false</autoIncrementCycle>
</Column>
<Column name="DATE_REPARATION" id="425DE0C4-3D2A-A673-4510-1DB5780F0084">
<createdBy>root</createdBy>
<createdTime>2022-10-29 14:40:33 UTC</createdTime>
<ownerDesignName>4_CC2_GROUPE1_MPD_DM2</ownerDesignName>
<nullsAllowed>true</nullsAllowed>
<useDomainConstraints>false</useDomainConstraints>
<use>1</use>
<logicalDatatype>LOGDT007</logicalDatatype>
<ownDataTypeParameters>,,</ownDataTypeParameters>
<autoIncrementCycle>false</autoIncrementCycle>
</Column>
<Column name="ID_PANNE" id="F03A1C58-7C23-27D9-F474-022E78A82CA1">
<createdBy>root</createdBy>
<createdTime>2022-10-29 14:40:33 UTC</createdTime>
<ownerDesignName>4_CC2_GROUPE1_MPD_DM2</ownerDesignName>
<nullsAllowed>true</nullsAllowed>
<useDomainConstraints>false</useDomainConstraints>
<use>1</use>
<logicalDatatype>LOGDT019</logicalDatatype>
<ownDataTypeParameters>,,</ownDataTypeParameters>
<autoIncrementCycle>false</autoIncrementCycle>
</Column>
<Column name="CODE_PANNE" id="57EDF605-9C56-63CB-7BD4-CBBB57A4E1A8">
<createdBy>root</createdBy>
<createdTime>2022-10-29 14:40:33 UTC</createdTime>
<ownerDesignName>4_CC2_GROUPE1_MPD_DM2</ownerDesignName>
<nullsAllowed>true</nullsAllowed>
<useDomainConstraints>false</useDomainConstraints>
<use>1</use>
<logicalDatatype>LOGDT024</logicalDatatype>
<dataTypeSize>5 CHAR</dataTypeSize>
<ownDataTypeParameters>5 CHAR,,</ownDataTypeParameters>
<autoIncrementCycle>false</autoIncrementCycle>
</Column>
<Column name="LIBELLE_PANNE" id="E57A319E-FCD1-6A18-E4CB-6ABB701888F5">
<createdBy>root</createdBy>
<createdTime>2022-10-29 14:40:33 UTC</createdTime>
<ownerDesignName>4_CC2_GROUPE1_MPD_DM2</ownerDesignName>
<nullsAllowed>true</nullsAllowed>
<useDomainConstraints>false</useDomainConstraints>
<use>1</use>
<logicalDatatype>LOGDT024</logicalDatatype>
<dataTypeSize>100 CHAR</dataTypeSize>
<ownDataTypeParameters>100 CHAR,,</ownDataTypeParameters>
<autoIncrementCycle>false</autoIncrementCycle>
</Column>
<Column name="ID_STATION" id="12F9723E-BF38-01C4-E81F-361680AD8CC6">
<createdBy>root</createdBy>
<createdTime>2022-10-29 14:40:33 UTC</createdTime>
<ownerDesignName>4_CC2_GROUPE1_MPD_DM2</ownerDesignName>
<nullsAllowed>true</nullsAllowed>
<useDomainConstraints>false</useDomainConstraints>
<use>1</use>
<logicalDatatype>LOGDT019</logicalDatatype>
<ownDataTypeParameters>,,</ownDataTypeParameters>
<autoIncrementCycle>false</autoIncrementCycle>
</Column>
<Column name="CODE_STATION" id="525F2273-7F19-43DD-4A64-463809E48D4D">
<createdBy>root</createdBy>
<createdTime>2022-10-29 14:40:33 UTC</createdTime>
<ownerDesignName>4_CC2_GROUPE1_MPD_DM2</ownerDesignName>
<nullsAllowed>true</nullsAllowed>
<useDomainConstraints>false</useDomainConstraints>
<use>1</use>
<logicalDatatype>LOGDT024</logicalDatatype>
<dataTypeSize>5 CHAR</dataTypeSize>
<ownDataTypeParameters>5 CHAR,,</ownDataTypeParameters>
<autoIncrementCycle>false</autoIncrementCycle>
</Column>
<Column name="LIBELLE_STATION" id="433F071A-F2A8-790C-4E3D-39C155D0FF90">
<createdBy>root</createdBy>
<createdTime>2022-10-29 14:40:33 UTC</createdTime>
<ownerDesignName>4_CC2_GROUPE1_MPD_DM2</ownerDesignName>
<nullsAllowed>true</nullsAllowed>
<useDomainConstraints>false</useDomainConstraints>
<use>1</use>
<logicalDatatype>LOGDT024</logicalDatatype>
<dataTypeSize>100 CHAR</dataTypeSize>
<ownDataTypeParameters>100 CHAR,,</ownDataTypeParameters>
<autoIncrementCycle>false</autoIncrementCycle>
</Column>
<Column name="ID_ENTREPRISE" id="534D1F2D-DA11-455E-BEF5-241E975F7EB5">
<createdBy>root</createdBy>
<createdTime>2022-10-29 14:40:33 UTC</createdTime>
<ownerDesignName>4_CC2_GROUPE1_MPD_DM2</ownerDesignName>
<nullsAllowed>true</nullsAllowed>
<useDomainConstraints>false</useDomainConstraints>
<use>1</use>
<logicalDatatype>LOGDT019</logicalDatatype>
<ownDataTypeParameters>,,</ownDataTypeParameters>
<autoIncrementCycle>false</autoIncrementCycle>
</Column>
<Column name="RAISON_SOCIALE" id="B5F386B7-57DB-57DF-4457-B58ED14FFBA5">
<createdBy>root</createdBy>
<createdTime>2022-10-29 14:40:33 UTC</createdTime>
<ownerDesignName>4_CC2_GROUPE1_MPD_DM2</ownerDesignName>
<nullsAllowed>true</nullsAllowed>
<useDomainConstraints>false</useDomainConstraints>
<use>1</use>
<logicalDatatype>LOGDT024</logicalDatatype>
<dataTypeSize>200 CHAR</dataTypeSize>
<ownDataTypeParameters>200 CHAR,,</ownDataTypeParameters>
<autoIncrementCycle>false</autoIncrementCycle>
</Column>
<Column name="NUMERO_SIRET" id="8F786430-E42F-F2B2-F648-14261452F63E">
<createdBy>root</createdBy>
<createdTime>2022-10-29 14:40:33 UTC</createdTime>
<ownerDesignName>4_CC2_GROUPE1_MPD_DM2</ownerDesignName>
<nullsAllowed>true</nullsAllowed>
<useDomainConstraints>false</useDomainConstraints>
<use>1</use>
<logicalDatatype>LOGDT019</logicalDatatype>
<ownDataTypeParameters>,,</ownDataTypeParameters>
<autoIncrementCycle>false</autoIncrementCycle>
</Column>
<Column name="NUMERO_CONTRAT" id="6BE6B719-66F4-C374-7F1E-4F6434D454AB">
<createdBy>root</createdBy>
<createdTime>2022-10-29 14:40:33 UTC</createdTime>
<ownerDesignName>4_CC2_GROUPE1_MPD_DM2</ownerDesignName>
<nullsAllowed>true</nullsAllowed>
<useDomainConstraints>false</useDomainConstraints>
<use>1</use>
<logicalDatatype>LOGDT019</logicalDatatype>
<ownDataTypeParameters>,,</ownDataTypeParameters>
<autoIncrementCycle>false</autoIncrementCycle>
</Column>
<Column name="ID_REPARATEUR" id="0E30F2FD-2953-F0BB-60B9-10E306C09AA4">
<createdBy>root</createdBy>
<createdTime>2022-10-29 14:40:33 UTC</createdTime>
<ownerDesignName>4_CC2_GROUPE1_MPD_DM2</ownerDesignName>
<nullsAllowed>true</nullsAllowed>
<useDomainConstraints>false</useDomainConstraints>
<use>1</use>
<logicalDatatype>LOGDT019</logicalDatatype>
<ownDataTypeParameters>,,</ownDataTypeParameters>
<autoIncrementCycle>false</autoIncrementCycle>
</Column>
<Column name="PRENOM_REPARATEUR" id="FDB85BDF-3651-44BF-8508-69B6DC314295">
<createdBy>root</createdBy>
<createdTime>2022-10-29 14:40:33 UTC</createdTime>
<ownerDesignName>4_CC2_GROUPE1_MPD_DM2</ownerDesignName>
<nullsAllowed>true</nullsAllowed>
<useDomainConstraints>false</useDomainConstraints>
<use>1</use>
<logicalDatatype>LOGDT024</logicalDatatype>
<dataTypeSize>100 CHAR</dataTypeSize>
<ownDataTypeParameters>100 CHAR,,</ownDataTypeParameters>
<autoIncrementCycle>false</autoIncrementCycle>
</Column>
<Column name="NOM_REPARATEUR" id="DBD88664-8A90-261E-DF75-CC2D474CDCAB">
<createdBy>root</createdBy>
<createdTime>2022-10-29 14:40:33 UTC</createdTime>
<ownerDesignName>4_CC2_GROUPE1_MPD_DM2</ownerDesignName>
<nullsAllowed>true</nullsAllowed>
<useDomainConstraints>false</useDomainConstraints>
<use>1</use>
<logicalDatatype>LOGDT024</logicalDatatype>
<dataTypeSize>100 CHAR</dataTypeSize>
<ownDataTypeParameters>100 CHAR,,</ownDataTypeParameters>
<autoIncrementCycle>false</autoIncrementCycle>
</Column>
<Column name="ID_LOCALISATION" id="D0D32713-31E1-B8D7-7CA0-732C08EBF666">
<createdBy>root</createdBy>
<createdTime>2022-10-29 14:40:33 UTC</createdTime>
<ownerDesignName>4_CC2_GROUPE1_MPD_DM2</ownerDesignName>
<nullsAllowed>true</nullsAllowed>
<useDomainConstraints>false</useDomainConstraints>
<use>1</use>
<logicalDatatype>LOGDT019</logicalDatatype>
<ownDataTypeParameters>,,</ownDataTypeParameters>
<autoIncrementCycle>false</autoIncrementCycle>
</Column>
<Column name="LONGITUDE" id="0B3EF1F3-3A2B-E43A-01C7-573364A90644">
<createdBy>root</createdBy>
<createdTime>2022-10-29 14:40:33 UTC</createdTime>
<ownerDesignName>4_CC2_GROUPE1_MPD_DM2</ownerDesignName>
<nullsAllowed>true</nullsAllowed>
<useDomainConstraints>false</useDomainConstraints>
<use>1</use>
<logicalDatatype>LOGDT019</logicalDatatype>
<dataTypePrecision>9</dataTypePrecision>
<dataTypeScale>6</dataTypeScale>
<ownDataTypeParameters>,9,6</ownDataTypeParameters>
<autoIncrementCycle>false</autoIncrementCycle>
</Column>
<Column name="LATITUDE" id="25BC59F6-6EE8-665D-B853-C6B4FA8A4FAC">
<createdBy>root</createdBy>
<createdTime>2022-10-29 14:40:33 UTC</createdTime>
<ownerDesignName>4_CC2_GROUPE1_MPD_DM2</ownerDesignName>
<nullsAllowed>true</nullsAllowed>
<useDomainConstraints>false</useDomainConstraints>
<use>1</use>
<logicalDatatype>LOGDT019</logicalDatatype>
<dataTypePrecision>8</dataTypePrecision>
<dataTypeScale>6</dataTypeScale>
<ownDataTypeParameters>,8,6</ownDataTypeParameters>
<autoIncrementCycle>false</autoIncrementCycle>
</Column>
<Column name="ID_BORNE" id="281D57FA-002E-DE61-346B-2F766393DAF2">
<createdBy>root</createdBy>
<createdTime>2022-11-23 12:39:43 UTC</createdTime>
<ownerDesignName>4_CC2_GROUPE1_MPD_DM2</ownerDesignName>
<nullsAllowed>true</nullsAllowed>
<useDomainConstraints>false</useDomainConstraints>
<use>1</use>
<logicalDatatype>LOGDT019</logicalDatatype>
<ownDataTypeParameters>,,</ownDataTypeParameters>
<autoIncrementCycle>false</autoIncrementCycle>
</Column>
<Column name="CODE_BORNE" id="80A6CFC1-BA2D-6465-57A2-57971D4E5AD2">
<createdBy>root</createdBy>
<createdTime>2022-11-23 12:39:43 UTC</createdTime>
<ownerDesignName>4_CC2_GROUPE1_MPD_DM2</ownerDesignName>
<nullsAllowed>true</nullsAllowed>
<useDomainConstraints>false</useDomainConstraints>
<use>1</use>
<logicalDatatype>LOGDT024</logicalDatatype>
<dataTypeSize>5 CHAR</dataTypeSize>
<ownDataTypeParameters>5 CHAR,,</ownDataTypeParameters>
<autoIncrementCycle>false</autoIncrementCycle>
</Column>
<Column name="DATE_TRAITEMENT" id="37EE4172-381A-E3FC-F2A1-B694AD5D8E5D">
<createdBy>root</createdBy>
<createdTime>2022-10-29 14:42:35 UTC</createdTime>
<ownerDesignName>4_CC2_GROUPE1_MPD_DM2</ownerDesignName>
<nullsAllowed>true</nullsAllowed>
<useDomainConstraints>false</useDomainConstraints>
<use>1</use>
<logicalDatatype>LOGDT007</logicalDatatype>
<ownDataTypeParameters>,,</ownDataTypeParameters>
<autoIncrementCycle>false</autoIncrementCycle>
</Column>
<Column name="LOG" id="0AD4691D-0B34-334D-5262-F29EBC0DB238">
<createdBy>root</createdBy>
<createdTime>2022-10-29 14:42:35 UTC</createdTime>
<ownerDesignName>4_CC2_GROUPE1_MPD_DM2</ownerDesignName>
<nullsAllowed>true</nullsAllowed>
<useDomainConstraints>false</useDomainConstraints>
<use>1</use>
<logicalDatatype>LOGDT024</logicalDatatype>
<dataTypeSize>300 CHAR</dataTypeSize>
<ownDataTypeParameters>300 CHAR,,</ownDataTypeParameters>
<autoIncrementCycle>false</autoIncrementCycle>
</Column>
<Column name="TYPE_REJET" id="5A3B093F-7D60-385F-6E78-B52DD0C070E1">
<createdBy>root</createdBy>
<createdTime>2022-10-29 14:42:35 UTC</createdTime>
<ownerDesignName>4_CC2_GROUPE1_MPD_DM2</ownerDesignName>
<nullsAllowed>true</nullsAllowed>
<useDomainConstraints>false</useDomainConstraints>
<use>1</use>
<logicalDatatype>LOGDT024</logicalDatatype>
<dataTypeSize>100 CHAR</dataTypeSize>
<ownDataTypeParameters>100 CHAR,,</ownDataTypeParameters>
<autoIncrementCycle>false</autoIncrementCycle>
</Column>
</columns>
<indexes itemClass="oracle.dbtools.crest.model.design.relational.Index">
<ind_PK_UK id="A2DF1402-F09C-3E2E-D807-5A0B3D26D6A5" name="REJET_REPARATIONv2_PK">
<createdBy>root</createdBy>
<createdTime>2022-10-29 14:40:33 UTC</createdTime>
<ownerDesignName>4_CC2_GROUPE1_MPD_DM2</ownerDesignName>
<pk>true</pk>
<indexState>Primary Constraint</indexState>
<isSurrogateKey>false</isSurrogateKey>
<indexColumnUsage>
<colUsage columnID="F9B77692-8657-99AF-AF83-BAA4351F186F"/>
</indexColumnUsage>
</ind_PK_UK>
</indexes>
</Table>