<?xml version = '1.0' encoding = 'UTF-8'?>
<FKIndexAssociation class="oracle.dbtools.crest.model.design.relational.FKIndexAssociation" directorySegmentName="seg_0" id="02D7F1AD-9388-64BF-3109-DBB9CE3BE500" containerWithKeyObject="2BA93732-E744-771E-79D6-2A5A6D9A701E" localFKIndex="ACE73EF3-F700-A79D-2833-3B7D5494FF95" name="VELO_TYPE_VELO_FK">
<createdBy>root</createdBy>
<createdTime>2022-10-27 13:14:56 UTC</createdTime>
<ownerDesignName>1_CC2_GROUPE1_MPD_SI_OPE</ownerDesignName>
<referredTableLongName>DSID_BTM_OPE.TYPE_VELO</referredTableLongName>
<deleteRule>NO ACTION</deleteRule>
<referredTableID>68E63684-57DD-C921-618C-B7C916F34F55</referredTableID>
<keyObject>049B266B-BF2C-0B6B-9EC4-B3CDA58AE36A</keyObject>
<referredKeyID>049B266B-BF2C-0B6B-9EC4-B3CDA58AE36A</referredKeyID>
<mandatory>true</mandatory>
<refColNames>ID_TYPE_VELO</refColNames>
<transferable>true</transferable>
<rely>false</rely>
<columnDependencyConstraintGenerateInDDL>true</columnDependencyConstraintGenerateInDDL>
</FKIndexAssociation>