<?xml version = '1.0' encoding = 'UTF-8'?>
<FKIndexAssociation class="oracle.dbtools.crest.model.design.relational.FKIndexAssociation" directorySegmentName="seg_0" id="2D4DA7DB-0FA5-A580-0FF7-3E0D3A09FCC6" containerWithKeyObject="76EFAB8D-CCFB-67E0-ADD7-08104827632B" localFKIndex="141BE430-B201-3034-B47A-26903ACC056A" name="PANNE_ETAT_VELO_FK">
<createdBy>root</createdBy>
<createdTime>2022-10-27 13:14:30 UTC</createdTime>
<ownerDesignName>1_CC2_GROUPE1_MPD_SI_OPE</ownerDesignName>
<referredTableLongName>DSID_BTM_OPE.ETAT_VELO</referredTableLongName>
<deleteRule>NO ACTION</deleteRule>
<referredTableID>C537CB81-76DE-5901-C26B-0B98038A95EC</referredTableID>
<keyObject>39AA833A-3785-5436-75D1-4122608FD538</keyObject>
<referredKeyID>39AA833A-3785-5436-75D1-4122608FD538</referredKeyID>
<mandatory>true</mandatory>
<refColNames>ID_ETAT_VELO</refColNames>
<transferable>true</transferable>
<rely>false</rely>
<columnDependencyConstraintGenerateInDDL>true</columnDependencyConstraintGenerateInDDL>
</FKIndexAssociation>