<?xml version = '1.0' encoding = 'UTF-8'?>
<FKIndexAssociation class="oracle.dbtools.crest.model.design.relational.FKIndexAssociation" directorySegmentName="seg_0" id="3D143972-A51D-9267-CAF1-B883750C9F32" containerWithKeyObject="613DB4BB-EE80-30FC-9412-311AD6880B40" localFKIndex="625DEA9F-40A1-E777-7878-C45B36BCBCAE" name="REPARATEUR_ENTREPRISE_REPARATION_FK">
<createdBy>root</createdBy>
<createdTime>2022-10-27 13:23:42 UTC</createdTime>
<ownerDesignName>1_CC2_GROUPE1_MPD_SI_OPE</ownerDesignName>
<referredTableLongName>DSID_BTM_OPE.ENTREPRISE_REPARATION</referredTableLongName>
<deleteRule>NO ACTION</deleteRule>
<referredTableID>DBA7275A-DC8A-DF3C-7256-775EB8D2405D</referredTableID>
<keyObject>FE9172DE-0878-5ABD-6724-57B58DC92237</keyObject>
<referredKeyID>FE9172DE-0878-5ABD-6724-57B58DC92237</referredKeyID>
<mandatory>true</mandatory>
<refColNames>ID_ENTREPRISE</refColNames>
<transferable>true</transferable>
<rely>false</rely>
<columnDependencyConstraintGenerateInDDL>true</columnDependencyConstraintGenerateInDDL>
</FKIndexAssociation>