<?xml version = '1.0' encoding = 'UTF-8'?>
<FKIndexAssociation class="oracle.dbtools.crest.model.design.relational.FKIndexAssociation" directorySegmentName="seg_0" id="59EE1345-BA06-8750-D4B6-946276091689" containerWithKeyObject="C9CD0B64-9DEF-3A54-F115-A8E5CC11FE75" localFKIndex="EBD67534-404F-E8F9-D3CF-6960659506AE" name="REPARATION_REPARATEUR_FK">
<createdBy>root</createdBy>
<createdTime>2022-10-27 13:23:54 UTC</createdTime>
<ownerDesignName>1_CC2_GROUPE1_MPD_SI_OPE</ownerDesignName>
<referredTableLongName>DSID_BTM_OPE.REPARATEUR</referredTableLongName>
<deleteRule>NO ACTION</deleteRule>
<referredTableID>613DB4BB-EE80-30FC-9412-311AD6880B40</referredTableID>
<keyObject>B32510A9-4586-D867-D916-50A825B1EEBF</keyObject>
<referredKeyID>B32510A9-4586-D867-D916-50A825B1EEBF</referredKeyID>
<mandatory>true</mandatory>
<refColNames>ID_REPARATEUR</refColNames>
<transferable>true</transferable>
<rely>false</rely>
<columnDependencyConstraintGenerateInDDL>true</columnDependencyConstraintGenerateInDDL>
</FKIndexAssociation>