<?xml version = '1.0' encoding = 'UTF-8'?>
<FKIndexAssociation class="oracle.dbtools.crest.model.design.relational.FKIndexAssociation" directorySegmentName="seg_0" id="5E6BF2C0-7EED-DEC4-CEDE-12E1E11C846F" containerWithKeyObject="2BA93732-E744-771E-79D6-2A5A6D9A701E" localFKIndex="320F0A0C-FE29-0530-A0C9-EA02FC918A04" name="VELO_ETAT_VELO_FK">
<createdBy>root</createdBy>
<createdTime>2022-10-27 13:14:46 UTC</createdTime>
<ownerDesignName>1_CC2_GROUPE1_MPD_SI_OPE</ownerDesignName>
<referredTableLongName>DSID_BTM_OPE.ETAT_VELO</referredTableLongName>
<deleteRule>NO ACTION</deleteRule>
<referredTableID>C537CB81-76DE-5901-C26B-0B98038A95EC</referredTableID>
<keyObject>39AA833A-3785-5436-75D1-4122608FD538</keyObject>
<referredKeyID>39AA833A-3785-5436-75D1-4122608FD538</referredKeyID>
<mandatory>true</mandatory>
<refColNames>ID_ETAT_VELO</refColNames>
<transferable>true</transferable>
<rely>false</rely>
<columnDependencyConstraintGenerateInDDL>true</columnDependencyConstraintGenerateInDDL>
</FKIndexAssociation>