<?xml version = '1.0' encoding = 'UTF-8'?>
<FKIndexAssociation class="oracle.dbtools.crest.model.design.relational.FKIndexAssociation" directorySegmentName="seg_0" id="64DACCFA-1B25-37AE-B045-A441167A35AE" containerWithKeyObject="FAE463CD-D645-C5F1-AA2B-09500EADABCF" localFKIndex="D69E202D-1158-DF83-7A0A-36CC9668E11B" name="BORNE_ETAT_BORNE_FK">
<createdBy>root</createdBy>
<createdTime>2022-10-27 12:34:10 UTC</createdTime>
<ownerDesignName>1_CC2_GROUPE1_MPD_SI_OPE</ownerDesignName>
<referredTableLongName>DSID_BTM_OPE.ETAT_BORNE</referredTableLongName>
<deleteRule>NO ACTION</deleteRule>
<referredTableID>020D9DC0-2723-549D-2ECE-40E4C04598EC</referredTableID>
<keyObject>030A865F-72C5-9C90-8A34-80603CCA786A</keyObject>
<referredKeyID>030A865F-72C5-9C90-8A34-80603CCA786A</referredKeyID>
<mandatory>true</mandatory>
<refColNames>ID_ETAT_BORNE</refColNames>
<transferable>true</transferable>
<rely>false</rely>
<columnDependencyConstraintGenerateInDDL>true</columnDependencyConstraintGenerateInDDL>
</FKIndexAssociation>