<?xml version = '1.0' encoding = 'UTF-8'?>
<FKIndexAssociation class="oracle.dbtools.crest.model.design.relational.FKIndexAssociation" directorySegmentName="seg_0" id="6772FE31-739B-66C6-4D3E-AAC84CDBE5F6" containerWithKeyObject="FAE463CD-D645-C5F1-AA2B-09500EADABCF" localFKIndex="2B3D3CC1-E1A9-3955-7FA3-56AE160FF793" name="BORNE_STATION_FK">
<createdBy>root</createdBy>
<createdTime>2022-10-27 12:46:59 UTC</createdTime>
<ownerDesignName>1_CC2_GROUPE1_MPD_SI_OPE</ownerDesignName>
<referredTableLongName>DSID_BTM_OPE.STATION</referredTableLongName>
<deleteRule>NO ACTION</deleteRule>
<referredTableID>D67C3583-E2AF-B4EA-8CEA-C97D00248B1A</referredTableID>
<keyObject>64B43370-6D1D-5D11-0CFF-20131EAB11B6</keyObject>
<referredKeyID>64B43370-6D1D-5D11-0CFF-20131EAB11B6</referredKeyID>
<mandatory>true</mandatory>
<refColNames>ID_STATION</refColNames>
<transferable>true</transferable>
<rely>false</rely>
<columnDependencyConstraintGenerateInDDL>true</columnDependencyConstraintGenerateInDDL>
</FKIndexAssociation>