<?xml version = '1.0' encoding = 'UTF-8'?>
<FKIndexAssociation class="oracle.dbtools.crest.model.design.relational.FKIndexAssociation" directorySegmentName="seg_0" id="ABDD7BF2-5605-03AE-3783-3865F1436383" containerWithKeyObject="2BA93732-E744-771E-79D6-2A5A6D9A701E" localFKIndex="51546089-1E24-E710-2BFF-2665E7028109" name="VELO_PANNE_FK">
<createdBy>root</createdBy>
<createdTime>2022-11-21 12:18:00 UTC</createdTime>
<ownerDesignName>1_CC2_Groupe1_MPD_SI_OPE</ownerDesignName>
<referredTableLongName>DSID_BTM_OPE.PANNE</referredTableLongName>
<deleteRule>NO ACTION</deleteRule>
<referredTableID>76EFAB8D-CCFB-67E0-ADD7-08104827632B</referredTableID>
<keyObject>F6101DA5-9ADA-8214-50F5-1848DA796969</keyObject>
<referredKeyID>F6101DA5-9ADA-8214-50F5-1848DA796969</referredKeyID>
<mandatory>false</mandatory>
<refColNames>ID_PANNE</refColNames>
<transferable>true</transferable>
<rely>false</rely>
<columnDependencyConstraintGenerateInDDL>true</columnDependencyConstraintGenerateInDDL>
</FKIndexAssociation>