<?xml version = '1.0' encoding = 'UTF-8'?>
<FKIndexAssociation class="oracle.dbtools.crest.model.design.relational.FKIndexAssociation" directorySegmentName="seg_0" id="B016D043-1D75-A565-C58D-8EA35057CA37" containerWithKeyObject="59B9A3D2-CDB3-1FA3-9E8E-2E35A32C3462" localFKIndex="BCC19274-5813-A8FC-E255-CF1871D4C19B" name="LOCATION_VELO_FK">
<createdBy>root</createdBy>
<createdTime>2022-10-27 13:08:51 UTC</createdTime>
<ownerDesignName>1_CC2_GROUPE1_MPD_SI_OPE</ownerDesignName>
<referredTableLongName>DSID_BTM_OPE.VELO</referredTableLongName>
<deleteRule>NO ACTION</deleteRule>
<referredTableID>2BA93732-E744-771E-79D6-2A5A6D9A701E</referredTableID>
<keyObject>3660F865-AE16-CAB3-B222-4E8D846A9CB0</keyObject>
<referredKeyID>3660F865-AE16-CAB3-B222-4E8D846A9CB0</referredKeyID>
<mandatory>true</mandatory>
<refColNames>ID_VELO</refColNames>
<transferable>true</transferable>
<rely>false</rely>
<columnDependencyConstraintGenerateInDDL>true</columnDependencyConstraintGenerateInDDL>
</FKIndexAssociation>