<?xml version = '1.0' encoding = 'UTF-8'?>
<FKIndexAssociation class="oracle.dbtools.crest.model.design.relational.FKIndexAssociation" directorySegmentName="seg_0" id="B224A366-31BD-F176-78EA-CE7AEB9E9835" containerWithKeyObject="C9CD0B64-9DEF-3A54-F115-A8E5CC11FE75" localFKIndex="092DA91A-E1EF-EFB9-660F-648EE8E71592" name="REPARATION_VELO_FK">
<createdBy>root</createdBy>
<createdTime>2022-10-27 13:24:20 UTC</createdTime>
<ownerDesignName>1_CC2_GROUPE1_MPD_SI_OPE</ownerDesignName>
<referredTableLongName>DSID_BTM_OPE.VELO</referredTableLongName>
<deleteRule>NO ACTION</deleteRule>
<referredTableID>2BA93732-E744-771E-79D6-2A5A6D9A701E</referredTableID>
<keyObject>3660F865-AE16-CAB3-B222-4E8D846A9CB0</keyObject>
<referredKeyID>3660F865-AE16-CAB3-B222-4E8D846A9CB0</referredKeyID>
<mandatory>true</mandatory>
<refColNames>ID_VELO</refColNames>
<transferable>true</transferable>
<rely>false</rely>
<columnDependencyConstraintGenerateInDDL>true</columnDependencyConstraintGenerateInDDL>
</FKIndexAssociation>