<?xml version = '1.0' encoding = 'UTF-8'?>
<FKIndexAssociation class="oracle.dbtools.crest.model.design.relational.FKIndexAssociation" directorySegmentName="seg_0" id="B758D500-3AB4-1E89-DD61-47FB740A717F" containerWithKeyObject="E8E83EC2-4838-C045-9ED3-F1BECF885237" localFKIndex="52BAAE68-D5FD-7A25-A9B5-5EF273219B88" name="LOCALISATION_VILLE_FK">
<createdBy>root</createdBy>
<createdTime>2022-10-27 12:55:01 UTC</createdTime>
<ownerDesignName>1_CC2_GROUPE1_MPD_SI_OPE</ownerDesignName>
<referredTableLongName>DSID_BTM_OPE.VILLE</referredTableLongName>
<deleteRule>NO ACTION</deleteRule>
<referredTableID>690ED39C-75E0-4B8C-27FF-050463A2A6D6</referredTableID>
<keyObject>295B0F1F-3BED-EDB7-036A-428B430ACD32</keyObject>
<referredKeyID>295B0F1F-3BED-EDB7-036A-428B430ACD32</referredKeyID>
<mandatory>true</mandatory>
<refColNames>ID_VILLE</refColNames>
<transferable>true</transferable>
<rely>false</rely>
<columnDependencyConstraintGenerateInDDL>true</columnDependencyConstraintGenerateInDDL>
</FKIndexAssociation>