<?xml version = '1.0' encoding = 'UTF-8'?>
<FKIndexAssociation class="oracle.dbtools.crest.model.design.relational.FKIndexAssociation" directorySegmentName="seg_0" id="BD98BC53-4456-F178-0205-5D199C20B833" containerWithKeyObject="690ED39C-75E0-4B8C-27FF-050463A2A6D6" localFKIndex="CFD269C1-8F83-7981-4361-98B05BC38E4B" name="VILLE_REGION_FK">
<createdBy>root</createdBy>
<createdTime>2022-10-27 12:58:07 UTC</createdTime>
<ownerDesignName>1_CC2_GROUPE1_MPD_SI_OPE</ownerDesignName>
<referredTableLongName>DSID_BTM_OPE.REGION</referredTableLongName>
<deleteRule>NO ACTION</deleteRule>
<referredTableID>EB0B24E8-F094-47C3-8941-338F092D3887</referredTableID>
<keyObject>B2B85C0D-CA70-6631-9F30-A236FFE99385</keyObject>
<referredKeyID>B2B85C0D-CA70-6631-9F30-A236FFE99385</referredKeyID>
<mandatory>true</mandatory>
<refColNames>ID_REGION</refColNames>
<transferable>true</transferable>
<rely>false</rely>
<columnDependencyConstraintGenerateInDDL>true</columnDependencyConstraintGenerateInDDL>
</FKIndexAssociation>