<?xml version = '1.0' encoding = 'UTF-8'?>
<FKIndexAssociation class="oracle.dbtools.crest.model.design.relational.FKIndexAssociation" directorySegmentName="seg_0" id="C6F70CCD-6B24-D3E3-3CAB-6EF518202D29" containerWithKeyObject="2BA93732-E744-771E-79D6-2A5A6D9A701E" localFKIndex="BBF1034F-F563-5AA3-72CA-0AF85F3E5716" name="VELO_BORNE_FK">
<createdBy>root</createdBy>
<createdTime>2022-10-27 13:03:38 UTC</createdTime>
<ownerDesignName>1_CC2_GROUPE1_MPD_SI_OPE</ownerDesignName>
<referredTableLongName>DSID_BTM_OPE.BORNE</referredTableLongName>
<deleteRule>NO ACTION</deleteRule>
<referredTableID>FAE463CD-D645-C5F1-AA2B-09500EADABCF</referredTableID>
<keyObject>068A5F10-0D26-4BCF-4AFF-562FFA4D1785</keyObject>
<referredKeyID>068A5F10-0D26-4BCF-4AFF-562FFA4D1785</referredKeyID>
<mandatory>true</mandatory>
<refColNames>ID_BORNE</refColNames>
<transferable>true</transferable>
<rely>false</rely>
<columnDependencyConstraintGenerateInDDL>true</columnDependencyConstraintGenerateInDDL>
</FKIndexAssociation>