<?xml version = '1.0' encoding = 'UTF-8'?>
<FKIndexAssociation class="oracle.dbtools.crest.model.design.relational.FKIndexAssociation" directorySegmentName="seg_0" id="EFA37700-197F-FC8A-46C8-079D1FCB0162" containerWithKeyObject="D67C3583-E2AF-B4EA-8CEA-C97D00248B1A" localFKIndex="017445FB-2032-2D3C-1097-40F50473C5BD" name="STATION_LOCALISATION_FK">
<createdBy>root</createdBy>
<createdTime>2022-10-27 12:52:23 UTC</createdTime>
<ownerDesignName>1_CC2_GROUPE1_MPD_SI_OPE</ownerDesignName>
<referredTableLongName>DSID_BTM_OPE.LOCALISATION</referredTableLongName>
<deleteRule>NO ACTION</deleteRule>
<referredTableID>E8E83EC2-4838-C045-9ED3-F1BECF885237</referredTableID>
<keyObject>29EA99EB-B69C-33A7-69D1-B8B9DB95DF9A</keyObject>
<referredKeyID>29EA99EB-B69C-33A7-69D1-B8B9DB95DF9A</referredKeyID>
<mandatory>true</mandatory>
<refColNames>ID_LOCALISATION</refColNames>
<transferable>true</transferable>
<rely>false</rely>
<columnDependencyConstraintGenerateInDDL>true</columnDependencyConstraintGenerateInDDL>
</FKIndexAssociation>