<?xml version = '1.0' encoding = 'UTF-8'?>
<FKIndexAssociation class="oracle.dbtools.crest.model.design.relational.FKIndexAssociation" directorySegmentName="seg_0" id="FACDA00D-694F-940F-0B9D-5E9D17A030B4" containerWithKeyObject="59B9A3D2-CDB3-1FA3-9E8E-2E35A32C3462" localFKIndex="CFD77424-C332-BB3F-9582-A2694654044A" name="LOCATION_CLIENT_FK">
<createdBy>root</createdBy>
<createdTime>2022-10-27 13:08:59 UTC</createdTime>
<ownerDesignName>1_CC2_GROUPE1_MPD_SI_OPE</ownerDesignName>
<referredTableLongName>DSID_BTM_OPE.CLIENT</referredTableLongName>
<deleteRule>NO ACTION</deleteRule>
<referredTableID>3DDEA70B-D640-DBAF-3CA6-09F1EDCF55B3</referredTableID>
<keyObject>B21B6ED5-AA95-9229-BA69-391E0808613E</keyObject>
<referredKeyID>B21B6ED5-AA95-9229-BA69-391E0808613E</referredKeyID>
<mandatory>true</mandatory>
<refColNames>ID_CLIENT</refColNames>
<transferable>true</transferable>
<rely>false</rely>
<columnDependencyConstraintGenerateInDDL>true</columnDependencyConstraintGenerateInDDL>
</FKIndexAssociation>