<?xml version = '1.0' encoding = 'UTF-8'?>
<Diagram class="oracle.dbtools.crest.swingui.relational.DPVRelational" name="1_CC2_Groupe1_MPD_SI_OPE" id="A2350663-02EC-6209-9DFE-7980F9B040A2">
<createdBy>root</createdBy>
<modifiedBy>root</modifiedBy>
<createdTime>2022-10-27 11:30:01 UTC</createdTime>
<autoRoute>false</autoRoute>
<boxInbox>true</boxInbox>
<showLegend>false</showLegend>
<showLabels>false</showLabels>
<showRelAttributes>false</showRelAttributes>
<gridEnabled>false</gridEnabled>
<showGrid>false</showGrid>
<diagramColor>-1</diagramColor>
<display>false</display>
<notation>1</notation>
<objectViews>
<OView class="oracle.dbtools.crest.swingui.relational.TVTable" oid="020D9DC0-2723-549D-2ECE-40E4C04598EC" otype="Table" vid="A6349E6C-51D4-9661-FDEA-1E24DA8BA04E">
<hideElementsInCurrentOnly>false</hideElementsInCurrentOnly>
<bounds x="0" y="51" width="269" height="169"/>
</OView>
<OView class="oracle.dbtools.crest.swingui.relational.TVTable" oid="2BA93732-E744-771E-79D6-2A5A6D9A701E" otype="Table" vid="324C373A-F3DC-FE01-C01B-3572B4164D26">
<hideElementsInCurrentOnly>false</hideElementsInCurrentOnly>
<bounds x="475" y="248" width="273" height="228"/>
</OView>
<OView class="oracle.dbtools.crest.swingui.relational.TVTable" oid="3DDEA70B-D640-DBAF-3CA6-09F1EDCF55B3" otype="Table" vid="DC2F20D7-E318-FA1B-F1A9-7B961E161661">
<hideElementsInCurrentOnly>false</hideElementsInCurrentOnly>
<bounds x="797" y="468" width="259" height="130"/>
</OView>
<OView class="oracle.dbtools.crest.swingui.relational.TVTable" oid="59B9A3D2-CDB3-1FA3-9E8E-2E35A32C3462" otype="Table" vid="5E8CD1A5-BCAB-ADE1-8963-F74CDFECE107">
<hideElementsInCurrentOnly>false</hideElementsInCurrentOnly>
<bounds x="820" y="276" width="233" height="156"/>
</OView>
<OView class="oracle.dbtools.crest.swingui.relational.TVTable" oid="613DB4BB-EE80-30FC-9412-311AD6880B40" otype="Table" vid="EB4F3E95-63EE-1EA7-CA48-3F30A0B94EB5">
<hideElementsInCurrentOnly>false</hideElementsInCurrentOnly>
<bounds x="353" y="715" width="475" height="128"/>
</OView>
<OView class="oracle.dbtools.crest.swingui.relational.TVView" oid="651F67D2-D2DA-BD37-EE55-BEFDE7D48238" otype="View" vid="4E40CD8D-A5A4-7C5D-3BA1-3CFCFE13D03E">
<hideElementsInCurrentOnly>false</hideElementsInCurrentOnly>
<bounds x="27" y="716" width="319" height="592"/>
</OView>
<OView class="oracle.dbtools.crest.swingui.relational.TVTable" oid="68E63684-57DD-C921-618C-B7C916F34F55" otype="Table" vid="8E4A5562-A70A-8AE7-2066-565A108C9DC5">
<hideElementsInCurrentOnly>false</hideElementsInCurrentOnly>
<bounds x="61" y="255" width="206" height="98"/>
</OView>
<OView class="oracle.dbtools.crest.swingui.relational.TVTable" oid="690ED39C-75E0-4B8C-27FF-050463A2A6D6" otype="Table" vid="686BCCA3-E32C-9406-47B6-FBCBBACE7031">
<hideElementsInCurrentOnly>false</hideElementsInCurrentOnly>
<bounds x="1087" y="325" width="234" height="155"/>
</OView>
<OView class="oracle.dbtools.crest.swingui.relational.TVView" oid="6B51EC58-A03A-E624-ED87-62C69873C349" otype="View" vid="DB56CC54-2B51-BA98-98FE-2847679AA320">
<hideElementsInCurrentOnly>false</hideElementsInCurrentOnly>
<bounds x="511" y="851" width="432" height="627"/>
</OView>
<OView class="oracle.dbtools.crest.swingui.relational.TVTable" oid="76EFAB8D-CCFB-67E0-ADD7-08104827632B" otype="Table" vid="84D94176-D796-5552-4B24-AB0ED1920740">
<hideElementsInCurrentOnly>false</hideElementsInCurrentOnly>
<bounds x="42" y="533" width="246" height="118"/>
</OView>
<OView class="oracle.dbtools.crest.swingui.relational.TVTable" oid="C537CB81-76DE-5901-C26B-0B98038A95EC" otype="Table" vid="ED446107-0469-C3ED-02D7-C33A69FB5AA4">
<hideElementsInCurrentOnly>false</hideElementsInCurrentOnly>
<bounds x="37" y="373" width="251" height="95"/>
</OView>
<OView class="oracle.dbtools.crest.swingui.relational.TVTable" oid="C9CD0B64-9DEF-3A54-F115-A8E5CC11FE75" otype="Table" vid="2F226D15-5526-FB61-D18D-3667CF2130F2">
<hideElementsInCurrentOnly>false</hideElementsInCurrentOnly>
<bounds x="391" y="505" width="387" height="179"/>
</OView>
<OView class="oracle.dbtools.crest.swingui.relational.TVTable" oid="D67C3583-E2AF-B4EA-8CEA-C97D00248B1A" otype="Table" vid="C48DC4AB-3C2A-B4D3-72C1-A00809C526DB">
<hideElementsInCurrentOnly>false</hideElementsInCurrentOnly>
<bounds x="685" y="25" width="307" height="174"/>
</OView>
<OView class="oracle.dbtools.crest.swingui.relational.TVTable" oid="DBA7275A-DC8A-DF3C-7256-775EB8D2405D" otype="Table" vid="9FE0F840-1F60-CF4C-C261-75E91BBE436A">
<hideElementsInCurrentOnly>false</hideElementsInCurrentOnly>
<bounds x="976" y="688" width="340" height="156"/>
</OView>
<OView class="oracle.dbtools.crest.swingui.relational.TVTable" oid="E8E83EC2-4838-C045-9ED3-F1BECF885237" otype="Table" vid="8BA6DD72-A8A6-F87F-C13C-F807F50DE995">
<hideElementsInCurrentOnly>false</hideElementsInCurrentOnly>
<bounds x="1034" y="39" width="281" height="205"/>
</OView>
<OView class="oracle.dbtools.crest.swingui.relational.TVTable" oid="EB0B24E8-F094-47C3-8941-338F092D3887" otype="Table" vid="955DF6E7-B369-792C-82AE-E69555690FCB">
<hideElementsInCurrentOnly>false</hideElementsInCurrentOnly>
<bounds x="1061" y="548" width="252" height="113"/>
</OView>
<OView class="oracle.dbtools.crest.swingui.relational.TVTable" oid="FAE463CD-D645-C5F1-AA2B-09500EADABCF" otype="Table" vid="F8145ABA-E5F8-E19F-5C30-C295F9AEAD10">
<hideElementsInCurrentOnly>false</hideElementsInCurrentOnly>
<bounds x="293" y="36" width="344" height="167"/>
</OView>
</objectViews>
<connectors>
<Connector class="oracle.dbtools.crest.swingui.relational.TVFKRelation" oid="02D7F1AD-9388-64BF-3109-DBB9CE3BE500" otype="FKIndexAssociation" vid_source="8E4A5562-A70A-8AE7-2066-565A108C9DC5" vid_target="324C373A-F3DC-FE01-C01B-3572B4164D26">
<hideElementsInCurrentOnly>false</hideElementsInCurrentOnly>
<backgroundColor>-16777216</backgroundColor>
<lineWidth>1</lineWidth>
<points>
<point x="267" y="304"/>
<point x="475" y="304"/>
</points>
</Connector>
<Connector class="oracle.dbtools.crest.swingui.relational.TVFKRelation" oid="2D4DA7DB-0FA5-A580-0FF7-3E0D3A09FCC6" otype="FKIndexAssociation" vid_source="ED446107-0469-C3ED-02D7-C33A69FB5AA4" vid_target="84D94176-D796-5552-4B24-AB0ED1920740">
<hideElementsInCurrentOnly>false</hideElementsInCurrentOnly>
<backgroundColor>-16777216</backgroundColor>
<lineWidth>1</lineWidth>
<points>
<point x="180" y="468"/>
<point x="180" y="533"/>
</points>
</Connector>
<Connector class="oracle.dbtools.crest.swingui.relational.TVFKRelation" oid="3D143972-A51D-9267-CAF1-B883750C9F32" otype="FKIndexAssociation" vid_source="9FE0F840-1F60-CF4C-C261-75E91BBE436A" vid_target="EB4F3E95-63EE-1EA7-CA48-3F30A0B94EB5">
<hideElementsInCurrentOnly>false</hideElementsInCurrentOnly>
<backgroundColor>-16777216</backgroundColor>
<lineWidth>1</lineWidth>
<points>
<point x="976" y="779"/>
<point x="828" y="779"/>
</points>
</Connector>
<Connector class="oracle.dbtools.crest.swingui.relational.TVFKRelation" oid="59EE1345-BA06-8750-D4B6-946276091689" otype="FKIndexAssociation" vid_source="EB4F3E95-63EE-1EA7-CA48-3F30A0B94EB5" vid_target="2F226D15-5526-FB61-D18D-3667CF2130F2">
<hideElementsInCurrentOnly>false</hideElementsInCurrentOnly>
<backgroundColor>-16777216</backgroundColor>
<lineWidth>1</lineWidth>
<points>
<point x="584" y="715"/>
<point x="584" y="684"/>
</points>
</Connector>
<Connector class="oracle.dbtools.crest.swingui.relational.TVFKRelation" oid="5E6BF2C0-7EED-DEC4-CEDE-12E1E11C846F" otype="FKIndexAssociation" vid_source="ED446107-0469-C3ED-02D7-C33A69FB5AA4" vid_target="324C373A-F3DC-FE01-C01B-3572B4164D26">
<hideElementsInCurrentOnly>false</hideElementsInCurrentOnly>
<backgroundColor>-16777216</backgroundColor>
<lineWidth>1</lineWidth>
<points>
<point x="288" y="420"/>
<point x="475" y="420"/>
</points>
</Connector>
<Connector class="oracle.dbtools.crest.swingui.relational.TVFKRelation" oid="64DACCFA-1B25-37AE-B045-A441167A35AE" otype="FKIndexAssociation" vid_source="A6349E6C-51D4-9661-FDEA-1E24DA8BA04E" vid_target="F8145ABA-E5F8-E19F-5C30-C295F9AEAD10">
<hideElementsInCurrentOnly>false</hideElementsInCurrentOnly>
<backgroundColor>-16777216</backgroundColor>
<lineWidth>1</lineWidth>
<points>
<point x="269" y="97"/>
<point x="293" y="97"/>
</points>
</Connector>
<Connector class="oracle.dbtools.crest.swingui.relational.TVFKRelation" oid="6772FE31-739B-66C6-4D3E-AAC84CDBE5F6" otype="FKIndexAssociation" vid_source="C48DC4AB-3C2A-B4D3-72C1-A00809C526DB" vid_target="F8145ABA-E5F8-E19F-5C30-C295F9AEAD10">
<hideElementsInCurrentOnly>false</hideElementsInCurrentOnly>
<backgroundColor>-16777216</backgroundColor>
<lineWidth>1</lineWidth>
<points>
<point x="685" y="117"/>
<point x="637" y="117"/>
</points>
</Connector>
<Connector class="oracle.dbtools.crest.swingui.relational.TVFKRelation" oid="ABDD7BF2-5605-03AE-3783-3865F1436383" otype="FKIndexAssociation" vid_source="84D94176-D796-5552-4B24-AB0ED1920740" vid_target="324C373A-F3DC-FE01-C01B-3572B4164D26">
<hideElementsInCurrentOnly>false</hideElementsInCurrentOnly>
<backgroundColor>-16777216</backgroundColor>
<lineWidth>1</lineWidth>
<points>
<point x="279" y="533"/>
<point x="475" y="432"/>
</points>
</Connector>
<Connector class="oracle.dbtools.crest.swingui.relational.TVFKRelation" oid="B016D043-1D75-A565-C58D-8EA35057CA37" otype="FKIndexAssociation" vid_source="324C373A-F3DC-FE01-C01B-3572B4164D26" vid_target="5E8CD1A5-BCAB-ADE1-8963-F74CDFECE107">
<hideElementsInCurrentOnly>false</hideElementsInCurrentOnly>
<backgroundColor>-16777216</backgroundColor>
<lineWidth>1</lineWidth>
<points>
<point x="748" y="354"/>
<point x="820" y="354"/>
</points>
</Connector>
<Connector class="oracle.dbtools.crest.swingui.relational.TVFKRelation" oid="B224A366-31BD-F176-78EA-CE7AEB9E9835" otype="FKIndexAssociation" vid_source="324C373A-F3DC-FE01-C01B-3572B4164D26" vid_target="2F226D15-5526-FB61-D18D-3667CF2130F2">
<hideElementsInCurrentOnly>false</hideElementsInCurrentOnly>
<backgroundColor>-16777216</backgroundColor>
<lineWidth>1</lineWidth>
<points>
<point x="611" y="476"/>
<point x="611" y="505"/>
</points>
</Connector>
<Connector class="oracle.dbtools.crest.swingui.relational.TVFKRelation" oid="B758D500-3AB4-1E89-DD61-47FB740A717F" otype="FKIndexAssociation" vid_source="686BCCA3-E32C-9406-47B6-FBCBBACE7031" vid_target="8BA6DD72-A8A6-F87F-C13C-F807F50DE995">
<hideElementsInCurrentOnly>false</hideElementsInCurrentOnly>
<backgroundColor>-16777216</backgroundColor>
<lineWidth>1</lineWidth>
<points>
<point x="1201" y="325"/>
<point x="1201" y="244"/>
</points>
</Connector>
<Connector class="oracle.dbtools.crest.swingui.relational.TVFKRelation" oid="BD98BC53-4456-F178-0205-5D199C20B833" otype="FKIndexAssociation" vid_source="955DF6E7-B369-792C-82AE-E69555690FCB" vid_target="686BCCA3-E32C-9406-47B6-FBCBBACE7031">
<hideElementsInCurrentOnly>false</hideElementsInCurrentOnly>
<backgroundColor>-16777216</backgroundColor>
<lineWidth>1</lineWidth>
<points>
<point x="1200" y="548"/>
<point x="1200" y="480"/>
</points>
</Connector>
<Connector class="oracle.dbtools.crest.swingui.relational.TVFKRelation" oid="C6F70CCD-6B24-D3E3-3CAB-6EF518202D29" otype="FKIndexAssociation" vid_source="F8145ABA-E5F8-E19F-5C30-C295F9AEAD10" vid_target="324C373A-F3DC-FE01-C01B-3572B4164D26">
<hideElementsInCurrentOnly>false</hideElementsInCurrentOnly>
<backgroundColor>-16777216</backgroundColor>
<lineWidth>1</lineWidth>
<points>
<point x="556" y="203"/>
<point x="556" y="248"/>
</points>
</Connector>
<Connector class="oracle.dbtools.crest.swingui.relational.TVFKRelation" oid="EFA37700-197F-FC8A-46C8-079D1FCB0162" otype="FKIndexAssociation" vid_source="8BA6DD72-A8A6-F87F-C13C-F807F50DE995" vid_target="C48DC4AB-3C2A-B4D3-72C1-A00809C526DB">
<hideElementsInCurrentOnly>false</hideElementsInCurrentOnly>
<backgroundColor>-16777216</backgroundColor>
<lineWidth>1</lineWidth>
<points>
<point x="1034" y="119"/>
<point x="992" y="119"/>
</points>
</Connector>
<Connector class="oracle.dbtools.crest.swingui.relational.TVFKRelation" oid="FACDA00D-694F-940F-0B9D-5E9D17A030B4" otype="FKIndexAssociation" vid_source="DC2F20D7-E318-FA1B-F1A9-7B961E161661" vid_target="5E8CD1A5-BCAB-ADE1-8963-F74CDFECE107">
<hideElementsInCurrentOnly>false</hideElementsInCurrentOnly>
<backgroundColor>-16777216</backgroundColor>
<lineWidth>1</lineWidth>
<points>
<point x="936" y="468"/>
<point x="936" y="432"/>
</points>
</Connector>
</connectors>
</Diagram>