<?xml version = '1.0' encoding = 'UTF-8'?>
<FKIndexAssociation class="oracle.dbtools.crest.model.design.relational.FKIndexAssociation" directorySegmentName="seg_0" id="05DA5E3F-1DCF-1CDC-38A0-B814F6EA0F23" containerWithKeyObject="084980B8-F2D0-368A-48AA-C1F11B8CEAE7" localFKIndex="2B47A829-E047-11AE-BFE6-B43F789A189A" name="FAIT_LOCATION_F_DIM_VELO_D_FK">
<createdBy>root</createdBy>
<createdTime>2022-10-29 12:43:19 UTC</createdTime>
<ownerDesignName>3_CC2_GROUPE1_MPD_DM1</ownerDesignName>
<referredTableLongName>DSID_BTM_WRK.DIM_VELO_D</referredTableLongName>
<deleteRule>NO ACTION</deleteRule>
<referredTableID>B8BDE378-D2B7-EBC0-F464-C7ABC62FA7DC</referredTableID>
<keyObject>868824D5-E315-4CA9-41C4-C68B97FBB0D6</keyObject>
<referredKeyID>868824D5-E315-4CA9-41C4-C68B97FBB0D6</referredKeyID>
<mandatory>true</mandatory>
<refColNames>ID_VELO</refColNames>
<transferable>true</transferable>
<rely>false</rely>
<columnDependencyConstraintGenerateInDDL>true</columnDependencyConstraintGenerateInDDL>
</FKIndexAssociation>