<?xml version = '1.0' encoding = 'UTF-8'?>
<FKIndexAssociation class="oracle.dbtools.crest.model.design.relational.FKIndexAssociation" directorySegmentName="seg_0" id="0FB01AFD-0C9E-1EF2-0B07-CB5B3EE6B086" containerWithKeyObject="084980B8-F2D0-368A-48AA-C1F11B8CEAE7" localFKIndex="143433B0-2ED6-60E0-BEBE-3C6D7DA379E4" name="FAIT_LOCATION_F_DIM_DATE_DEBUT_LOCATION_D_FK">
<createdBy>root</createdBy>
<createdTime>2022-10-29 12:45:11 UTC</createdTime>
<ownerDesignName>3_CC2_GROUPE1_MPD_DM1</ownerDesignName>
<referredTableLongName>DSID_BTM_WRK.DIM_DATE_DEBUT_LOCATION_D</referredTableLongName>
<deleteRule>NO ACTION</deleteRule>
<referredTableID>48E96E9C-4EAA-0F83-95E6-CB5B4D8E9047</referredTableID>
<keyObject>79A29929-4910-01CE-C1DF-2C57C805562C</keyObject>
<referredKeyID>79A29929-4910-01CE-C1DF-2C57C805562C</referredKeyID>
<mandatory>true</mandatory>
<refColNames>ID_DATE_DEBUT_LOCATION</refColNames>
<transferable>true</transferable>
<rely>false</rely>
<columnDependencyConstraintGenerateInDDL>true</columnDependencyConstraintGenerateInDDL>
</FKIndexAssociation>