<?xml version = '1.0' encoding = 'UTF-8'?>
<FKIndexAssociation class="oracle.dbtools.crest.model.design.relational.FKIndexAssociation" directorySegmentName="seg_0" id="2BC77E99-2828-31CD-A48C-A739742623EC" containerWithKeyObject="084980B8-F2D0-368A-48AA-C1F11B8CEAE7" localFKIndex="58A93A23-5E03-C678-97E1-EB62B25EC1F7" name="FAIT_LOCATION_F_DIM_TYPE_VELO_D_FK">
<createdBy>root</createdBy>
<createdTime>2022-10-29 12:43:30 UTC</createdTime>
<ownerDesignName>3_CC2_GROUPE1_MPD_DM1</ownerDesignName>
<referredTableLongName>DSID_BTM_WRK.DIM_TYPE_VELO_D</referredTableLongName>
<deleteRule>NO ACTION</deleteRule>
<referredTableID>5F118C98-A725-76BF-835C-B7BBE3502BE8</referredTableID>
<keyObject>82D8B017-27D1-4D87-9704-F03E7A4B968A</keyObject>
<referredKeyID>82D8B017-27D1-4D87-9704-F03E7A4B968A</referredKeyID>
<mandatory>true</mandatory>
<refColNames>ID_TYPE_VELO</refColNames>
<transferable>true</transferable>
<rely>false</rely>
<columnDependencyConstraintGenerateInDDL>true</columnDependencyConstraintGenerateInDDL>
</FKIndexAssociation>