<?xml version = '1.0' encoding = 'UTF-8'?>
<FKIndexAssociation class="oracle.dbtools.crest.model.design.relational.FKIndexAssociation" directorySegmentName="seg_0" id="4BE2C075-65B5-AAEA-B1F7-F0E62B86A447" containerWithKeyObject="084980B8-F2D0-368A-48AA-C1F11B8CEAE7" localFKIndex="636B1295-CEF8-BEFA-3699-BA67EBCECF21" name="FAIT_LOCATION_F_DIM_STATION_D_FK">
<createdBy>root</createdBy>
<createdTime>2022-10-29 12:43:44 UTC</createdTime>
<ownerDesignName>3_CC2_GROUPE1_MPD_DM1</ownerDesignName>
<referredTableLongName>DSID_BTM_WRK.DIM_STATION_D</referredTableLongName>
<deleteRule>NO ACTION</deleteRule>
<referredTableID>01D6684B-F9C0-F3B4-DB7C-707237FE262A</referredTableID>
<keyObject>EEEF87A0-3228-0939-A3F1-CAA868CD5651</keyObject>
<referredKeyID>EEEF87A0-3228-0939-A3F1-CAA868CD5651</referredKeyID>
<mandatory>true</mandatory>
<refColNames>ID_STATION</refColNames>
<transferable>true</transferable>
<rely>false</rely>
<columnDependencyConstraintGenerateInDDL>true</columnDependencyConstraintGenerateInDDL>
</FKIndexAssociation>