<?xml version = '1.0' encoding = 'UTF-8'?>
<FKIndexAssociation class="oracle.dbtools.crest.model.design.relational.FKIndexAssociation" directorySegmentName="seg_0" id="6CB6E82D-EB3E-222A-E70F-EDB2C9E10AC1" containerWithKeyObject="084980B8-F2D0-368A-48AA-C1F11B8CEAE7" localFKIndex="235E0A8D-D241-05D1-42F3-230D237CB240" name="FAIT_LOCATION_F_DIM_LOCALISATION_D_FK">
<createdBy>root</createdBy>
<createdTime>2022-10-29 12:43:53 UTC</createdTime>
<ownerDesignName>3_CC2_GROUPE1_MPD_DM1</ownerDesignName>
<referredTableLongName>DSID_BTM_WRK.DIM_LOCALISATION_D</referredTableLongName>
<deleteRule>NO ACTION</deleteRule>
<referredTableID>4404DF2B-26DB-852B-4F3B-54D71E26BFE1</referredTableID>
<keyObject>B7F32483-90F0-CAF7-2024-A34E31F237DC</keyObject>
<referredKeyID>B7F32483-90F0-CAF7-2024-A34E31F237DC</referredKeyID>
<mandatory>true</mandatory>
<refColNames>ID_LOCALISATION</refColNames>
<transferable>true</transferable>
<rely>false</rely>
<columnDependencyConstraintGenerateInDDL>true</columnDependencyConstraintGenerateInDDL>
</FKIndexAssociation>