<?xml version = '1.0' encoding = 'UTF-8'?>
<FKIndexAssociation class="oracle.dbtools.crest.model.design.relational.FKIndexAssociation" directorySegmentName="seg_0" id="A904A9E3-41AA-85CD-39F8-CCBCD17EFF7B" containerWithKeyObject="084980B8-F2D0-368A-48AA-C1F11B8CEAE7" localFKIndex="247C074C-57D0-5A47-EDE1-32A707E6F967" name="FAIT_LOCATION_F_DIM_VILLE_D_FK">
<createdBy>root</createdBy>
<createdTime>2022-10-29 12:45:01 UTC</createdTime>
<ownerDesignName>3_CC2_GROUPE1_MPD_DM1</ownerDesignName>
<referredTableLongName>DSID_BTM_WRK.DIM_VILLE_D</referredTableLongName>
<deleteRule>NO ACTION</deleteRule>
<referredTableID>9C4A0E79-01A6-CFC2-3C8B-A4B0DA88C54E</referredTableID>
<keyObject>47BE8EF2-7715-7C29-3CC3-24B733482AF1</keyObject>
<referredKeyID>47BE8EF2-7715-7C29-3CC3-24B733482AF1</referredKeyID>
<mandatory>true</mandatory>
<refColNames>ID_VILLE</refColNames>
<transferable>true</transferable>
<rely>false</rely>
<columnDependencyConstraintGenerateInDDL>true</columnDependencyConstraintGenerateInDDL>
</FKIndexAssociation>