<?xml version = '1.0' encoding = 'UTF-8'?>
<FKIndexAssociation class="oracle.dbtools.crest.model.design.relational.FKIndexAssociation" directorySegmentName="seg_0" id="F41CC0FA-D0D7-22DB-833C-137F0D3A2EF8" containerWithKeyObject="084980B8-F2D0-368A-48AA-C1F11B8CEAE7" localFKIndex="889A28C3-7645-CA60-1F14-E49EAD45B41D" name="FAIT_LOCATION_F_DIM_REGION_D_FK">
<createdBy>root</createdBy>
<createdTime>2022-10-29 12:44:53 UTC</createdTime>
<ownerDesignName>3_CC2_GROUPE1_MPD_DM1</ownerDesignName>
<referredTableLongName>DSID_BTM_WRK.DIM_REGION_D</referredTableLongName>
<deleteRule>NO ACTION</deleteRule>
<referredTableID>A8C0FE50-57C9-8732-DAA0-778B9B5F8499</referredTableID>
<keyObject>1205BD01-DFF8-D596-FE92-DB252308CB73</keyObject>
<referredKeyID>1205BD01-DFF8-D596-FE92-DB252308CB73</referredKeyID>
<mandatory>true</mandatory>
<refColNames>ID_REGION</refColNames>
<transferable>true</transferable>
<rely>false</rely>
<columnDependencyConstraintGenerateInDDL>true</columnDependencyConstraintGenerateInDDL>
</FKIndexAssociation>