<?xml version = '1.0' encoding = 'UTF-8'?>
<FKIndexAssociation class="oracle.dbtools.crest.model.design.relational.FKIndexAssociation" directorySegmentName="seg_0" id="FF27152F-545C-4BBB-0A00-A7D5EE4448A7" containerWithKeyObject="084980B8-F2D0-368A-48AA-C1F11B8CEAE7" localFKIndex="01FBE7AC-5DF3-CB0B-05C0-7F132BEB7A19" name="FAIT_LOCATION_F_DIM_CLIENT_D_FK">
<createdBy>root</createdBy>
<createdTime>2022-10-29 12:42:36 UTC</createdTime>
<ownerDesignName>3_CC2_GROUPE1_MPD_DM1</ownerDesignName>
<referredTableLongName>DSID_BTM_WRK.DIM_CLIENT_D</referredTableLongName>
<deleteRule>NO ACTION</deleteRule>
<referredTableID>361FAFAA-F6FF-1415-04C7-66989B10AC08</referredTableID>
<keyObject>04953FBF-942F-C3EA-5566-487403C76265</keyObject>
<referredKeyID>04953FBF-942F-C3EA-5566-487403C76265</referredKeyID>
<mandatory>true</mandatory>
<refColNames>ID_CLIENT</refColNames>
<transferable>true</transferable>
<rely>false</rely>
<columnDependencyConstraintGenerateInDDL>true</columnDependencyConstraintGenerateInDDL>
</FKIndexAssociation>