<?xml version = '1.0' encoding = 'UTF-8'?>
<FKIndexAssociation class="oracle.dbtools.crest.model.design.relational.FKIndexAssociation" directorySegmentName="seg_0" id="1204EAD0-E4E9-4AFE-6809-FCDBE066E34F" containerWithKeyObject="42948BD0-56FE-673A-BCD4-F8D1D7CC7CA1" localFKIndex="C68A4F33-2FD5-7CA7-C207-4992F03F1867" name="FAIT_REPARATION_F_DIM_PANNE_D_FK">
<createdBy>root</createdBy>
<createdTime>2022-10-29 14:25:04 UTC</createdTime>
<ownerDesignName>4_CC2_GROUPE1_MPD_DM2</ownerDesignName>
<referredTableLongName>DSID_BTM_WRK.DIM_PANNE_D</referredTableLongName>
<deleteRule>NO ACTION</deleteRule>
<referredTableID>28E4A610-105C-447C-DFE3-7875A6010DD6</referredTableID>
<keyObject>504C5989-A485-7194-C41E-CFDA71D00129</keyObject>
<referredKeyID>504C5989-A485-7194-C41E-CFDA71D00129</referredKeyID>
<mandatory>true</mandatory>
<refColNames>ID_PANNE</refColNames>
<transferable>true</transferable>
<rely>false</rely>
<columnDependencyConstraintGenerateInDDL>true</columnDependencyConstraintGenerateInDDL>
</FKIndexAssociation>