<?xml version = '1.0' encoding = 'UTF-8'?>
<FKIndexAssociation class="oracle.dbtools.crest.model.design.relational.FKIndexAssociation" directorySegmentName="seg_0" id="280F4F6C-C3CB-956B-D4C8-5355CCBBA883" containerWithKeyObject="42948BD0-56FE-673A-BCD4-F8D1D7CC7CA1" localFKIndex="E355C613-3533-C8BD-E087-168A93E81E29" name="FAIT_REPARATION_F_DIM_ETAT_VELO_D_FK">
<createdBy>root</createdBy>
<createdTime>2022-10-29 14:24:40 UTC</createdTime>
<ownerDesignName>4_CC2_GROUPE1_MPD_DM2</ownerDesignName>
<referredTableLongName>DSID_BTM_WRK.DIM_ETAT_VELO_D</referredTableLongName>
<deleteRule>NO ACTION</deleteRule>
<referredTableID>AEC593ED-EBC1-59EA-B4E1-CF74D7790A89</referredTableID>
<keyObject>9FA30C99-2028-7875-9F33-D3DEC1F1B2E1</keyObject>
<referredKeyID>9FA30C99-2028-7875-9F33-D3DEC1F1B2E1</referredKeyID>
<mandatory>true</mandatory>
<refColNames>ID_ETAT_VELO</refColNames>
<transferable>true</transferable>
<rely>false</rely>
<columnDependencyConstraintGenerateInDDL>true</columnDependencyConstraintGenerateInDDL>
</FKIndexAssociation>