<?xml version = '1.0' encoding = 'UTF-8'?>
<FKIndexAssociation class="oracle.dbtools.crest.model.design.relational.FKIndexAssociation" directorySegmentName="seg_0" id="2B5C4B4B-CF11-4DA4-B4EE-FB82DB27270E" containerWithKeyObject="42948BD0-56FE-673A-BCD4-F8D1D7CC7CA1" localFKIndex="0B00FD6B-8763-6E85-6B3F-20D661B57283" name="FAIT_REPARATION_F_DIM_REPARATEUR_D_FK">
<createdBy>root</createdBy>
<createdTime>2022-10-29 14:25:58 UTC</createdTime>
<ownerDesignName>4_CC2_GROUPE1_MPD_DM2</ownerDesignName>
<referredTableLongName>DSID_BTM_WRK.DIM_REPARATEUR_D</referredTableLongName>
<deleteRule>NO ACTION</deleteRule>
<referredTableID>3C21E94E-5723-F913-6F2D-2E8E4EBA338F</referredTableID>
<keyObject>9B167C8A-EFCF-5026-80DE-3D9F55058DEE</keyObject>
<referredKeyID>9B167C8A-EFCF-5026-80DE-3D9F55058DEE</referredKeyID>
<mandatory>true</mandatory>
<refColNames>ID_REPARATEUR</refColNames>
<transferable>true</transferable>
<rely>false</rely>
<columnDependencyConstraintGenerateInDDL>true</columnDependencyConstraintGenerateInDDL>
</FKIndexAssociation>