<?xml version = '1.0' encoding = 'UTF-8'?>
<FKIndexAssociation class="oracle.dbtools.crest.model.design.relational.FKIndexAssociation" directorySegmentName="seg_0" id="32F5B60E-B4F0-9D2A-77C3-249AA9D41C13" containerWithKeyObject="42948BD0-56FE-673A-BCD4-F8D1D7CC7CA1" localFKIndex="7D96B063-3FF2-9781-1027-2A2A41D4A936" name="FAIT_REPARATION_F_DIM_LOCALISATION_D_FK">
<createdBy>root</createdBy>
<createdTime>2022-10-29 14:26:30 UTC</createdTime>
<ownerDesignName>4_CC2_GROUPE1_MPD_DM2</ownerDesignName>
<referredTableLongName>DSID_BTM_WRK.DIM_LOCALISATION_D</referredTableLongName>
<deleteRule>NO ACTION</deleteRule>
<referredTableID>45DE4FCA-FD50-2821-7849-5A6A6ED2A2BD</referredTableID>
<keyObject>E6E5DB6F-B456-A019-599E-2718FE6BE528</keyObject>
<referredKeyID>E6E5DB6F-B456-A019-599E-2718FE6BE528</referredKeyID>
<mandatory>true</mandatory>
<refColNames>ID_LOCALISATION</refColNames>
<transferable>true</transferable>
<rely>false</rely>
<columnDependencyConstraintGenerateInDDL>true</columnDependencyConstraintGenerateInDDL>
</FKIndexAssociation>