<?xml version = '1.0' encoding = 'UTF-8'?>
<FKIndexAssociation class="oracle.dbtools.crest.model.design.relational.FKIndexAssociation" directorySegmentName="seg_0" id="54F4E3C9-F610-83A5-1D46-D4AD4000DCD8" containerWithKeyObject="42948BD0-56FE-673A-BCD4-F8D1D7CC7CA1" localFKIndex="208B3F4E-D03D-7198-58F5-5199596C82C8" name="FAIT_REPARATION_F_DIM_DATE_REPARATION_D_FK">
<createdBy>root</createdBy>
<createdTime>2022-10-29 14:24:56 UTC</createdTime>
<ownerDesignName>4_CC2_GROUPE1_MPD_DM2</ownerDesignName>
<referredTableLongName>DSID_BTM_WRK.DIM_DATE_REPARATION_D</referredTableLongName>
<deleteRule>NO ACTION</deleteRule>
<referredTableID>F21E2DB0-6CA7-28C2-BA45-2BB6EBBC7EED</referredTableID>
<keyObject>F9AD4C3D-91B3-DE7C-7168-DA88C1A20BB4</keyObject>
<referredKeyID>F9AD4C3D-91B3-DE7C-7168-DA88C1A20BB4</referredKeyID>
<mandatory>true</mandatory>
<refColNames>ID_DATE_REPARATION</refColNames>
<transferable>true</transferable>
<rely>false</rely>
<columnDependencyConstraintGenerateInDDL>true</columnDependencyConstraintGenerateInDDL>
</FKIndexAssociation>