<?xml version = '1.0' encoding = 'UTF-8'?>
<FKIndexAssociation class="oracle.dbtools.crest.model.design.relational.FKIndexAssociation" directorySegmentName="seg_0" id="6F42E26F-799D-668A-7154-B097822D43D2" containerWithKeyObject="42948BD0-56FE-673A-BCD4-F8D1D7CC7CA1" localFKIndex="93B83A37-0B3E-684E-1A49-AA4BD1E135B6" name="FAIT_REPARATION_F_DIM_STATION_D_FK">
<createdBy>root</createdBy>
<createdTime>2022-10-29 14:25:11 UTC</createdTime>
<ownerDesignName>4_CC2_GROUPE1_MPD_DM2</ownerDesignName>
<referredTableLongName>DSID_BTM_WRK.DIM_STATION_D</referredTableLongName>
<deleteRule>NO ACTION</deleteRule>
<referredTableID>21780D7D-1072-76B8-A126-631E155C6153</referredTableID>
<keyObject>71F21FD5-4A0A-9CE4-64B0-F65F21442DB9</keyObject>
<referredKeyID>71F21FD5-4A0A-9CE4-64B0-F65F21442DB9</referredKeyID>
<mandatory>true</mandatory>
<refColNames>ID_STATION</refColNames>
<transferable>true</transferable>
<rely>false</rely>
<columnDependencyConstraintGenerateInDDL>true</columnDependencyConstraintGenerateInDDL>
</FKIndexAssociation>