<?xml version = '1.0' encoding = 'UTF-8'?>
<FKIndexAssociation class="oracle.dbtools.crest.model.design.relational.FKIndexAssociation" directorySegmentName="seg_0" id="8A7A5975-0C80-3163-CA1A-39C24DC28069" containerWithKeyObject="42948BD0-56FE-673A-BCD4-F8D1D7CC7CA1" localFKIndex="8F815249-C244-F58B-26C0-09295B3C733D" name="FAIT_REPARATION_F_DIM_ENTREPRISE_REPARATION_FK">
<createdBy>root</createdBy>
<createdTime>2022-10-29 14:25:51 UTC</createdTime>
<ownerDesignName>4_CC2_GROUPE1_MPD_DM2</ownerDesignName>
<referredTableLongName>DSID_BTM_WRK.DIM_ENTREPRISE_REPARATION</referredTableLongName>
<deleteRule>NO ACTION</deleteRule>
<referredTableID>C9879578-CE7E-CE95-6F19-90FE8D7879AC</referredTableID>
<keyObject>7A37464A-F11F-F474-7F56-471A7E3B2E3A</keyObject>
<referredKeyID>7A37464A-F11F-F474-7F56-471A7E3B2E3A</referredKeyID>
<mandatory>true</mandatory>
<refColNames>ID_ENTREPRISE</refColNames>
<transferable>true</transferable>
<rely>false</rely>
<columnDependencyConstraintGenerateInDDL>true</columnDependencyConstraintGenerateInDDL>
</FKIndexAssociation>