<?xml version = '1.0' encoding = 'UTF-8'?>
<FKIndexAssociation class="oracle.dbtools.crest.model.design.relational.FKIndexAssociation" directorySegmentName="seg_0" id="A2FC9E62-8FBF-C262-30FB-C23A91D3BFE2" containerWithKeyObject="42948BD0-56FE-673A-BCD4-F8D1D7CC7CA1" localFKIndex="82D30836-C51D-4148-8E62-6F954D273E19" name="FAIT_REPARATION_F_DIM_BORNE_D_FK">
<createdBy>root</createdBy>
<createdTime>2022-11-23 13:07:54 UTC</createdTime>
<ownerDesignName>4_CC2_GROUPE1_MPD_DM2</ownerDesignName>
<referredTableLongName>DSID_BTM_DM2.DIM_BORNE_D</referredTableLongName>
<deleteRule>NO ACTION</deleteRule>
<referredTableID>9ABCD519-69E6-75FF-14BB-02412C8B658C</referredTableID>
<keyObject>0FE03ED6-9D9D-A5A1-3CED-34DF2D61A6ED</keyObject>
<referredKeyID>0FE03ED6-9D9D-A5A1-3CED-34DF2D61A6ED</referredKeyID>
<mandatory>true</mandatory>
<refColNames>ID_BORNE</refColNames>
<transferable>true</transferable>
<rely>false</rely>
<columnDependencyConstraintGenerateInDDL>true</columnDependencyConstraintGenerateInDDL>
</FKIndexAssociation>