<?xml version = '1.0' encoding = 'UTF-8'?>
<FKIndexAssociation class="oracle.dbtools.crest.model.design.relational.FKIndexAssociation" directorySegmentName="seg_0" id="ACF991D9-ED6E-51BF-EC09-7DF1D4AE52D8" containerWithKeyObject="42948BD0-56FE-673A-BCD4-F8D1D7CC7CA1" localFKIndex="64407BE6-26B9-09F3-0384-258641CD99F0" name="FAIT_REPARATION_F_DIM_VELO_D_FK">
<createdBy>root</createdBy>
<createdTime>2022-10-29 14:24:30 UTC</createdTime>
<ownerDesignName>4_CC2_GROUPE1_MPD_DM2</ownerDesignName>
<referredTableLongName>DSID_BTM_WRK.DIM_VELO_D</referredTableLongName>
<deleteRule>NO ACTION</deleteRule>
<referredTableID>BA283755-980C-C318-3557-26239920C5D9</referredTableID>
<keyObject>5AFEF235-513D-730C-6006-1AA8752B54C4</keyObject>
<referredKeyID>5AFEF235-513D-730C-6006-1AA8752B54C4</referredKeyID>
<mandatory>true</mandatory>
<refColNames>ID_VELO</refColNames>
<transferable>true</transferable>
<rely>false</rely>
<columnDependencyConstraintGenerateInDDL>true</columnDependencyConstraintGenerateInDDL>
</FKIndexAssociation>