<?xml version = '1.0' encoding = 'UTF-8'?>
<FKIndexAssociation class="oracle.dbtools.crest.model.design.relational.FKIndexAssociation" directorySegmentName="seg_0" id="AD8DB898-9201-0592-DDBE-758EE8D6F43C" containerWithKeyObject="42948BD0-56FE-673A-BCD4-F8D1D7CC7CA1" localFKIndex="7A8B213E-EA55-2572-D4BA-AA4FC4FFEF51" name="FAIT_REPARATION_F_DIM_TYPE_VELO_D_FK">
<createdBy>root</createdBy>
<createdTime>2022-10-29 14:24:49 UTC</createdTime>
<ownerDesignName>4_CC2_GROUPE1_MPD_DM2</ownerDesignName>
<referredTableLongName>DSID_BTM_WRK.DIM_TYPE_VELO_D</referredTableLongName>
<deleteRule>NO ACTION</deleteRule>
<referredTableID>BFE440C9-314D-0F59-A955-9A21A701EF6D</referredTableID>
<keyObject>0A7E810D-9163-EC1A-15FD-1662F27F1C12</keyObject>
<referredKeyID>0A7E810D-9163-EC1A-15FD-1662F27F1C12</referredKeyID>
<mandatory>true</mandatory>
<refColNames>ID_TYPE_VELO</refColNames>
<transferable>true</transferable>
<rely>false</rely>
<columnDependencyConstraintGenerateInDDL>true</columnDependencyConstraintGenerateInDDL>
</FKIndexAssociation>