<?xml version = '1.0' encoding = 'UTF-8'?>
<Table class="oracle.dbtools.crest.model.design.relational.Table" directorySegmentName="seg_0" id="084980B8-F2D0-368A-48AA-C1F11B8CEAE7" schemaObject="A9CE7DAF-A47E-984C-784B-69605286B706" name="FAIT_LOCATION_F">
<createdBy>root</createdBy>
<createdTime>2022-10-29 12:29:17 UTC</createdTime>
<ownerDesignName>3_CC2_GROUPE1_MPD_DM1</ownerDesignName>
<ordsAlias>table_12</ordsAlias>
<typeID>1</typeID>
<allowColumnReorder>false</allowColumnReorder>
<existDependencyGenerateInDDl>true</existDependencyGenerateInDDl>
<parsed>true</parsed>
<columns itemClass="oracle.dbtools.crest.model.design.relational.Column">
<Column name="ID_LOCATION" id="8813400E-FA01-2805-46E7-7F00CF365D31">
<createdBy>root</createdBy>
<createdTime>2022-10-29 12:30:03 UTC</createdTime>
<ownerDesignName>3_CC2_GROUPE1_MPD_DM1</ownerDesignName>
<useDomainConstraints>false</useDomainConstraints>
<use>1</use>
<logicalDatatype>LOGDT019</logicalDatatype>
<ownDataTypeParameters>,,</ownDataTypeParameters>
<autoIncrementColumn>true</autoIncrementColumn>
<autoIncrementCycle>false</autoIncrementCycle>
<autoIncrementSequenceName>SEQ_LOCATION_F</autoIncrementSequenceName>
<autoIncrementGenerateTrigger>false</autoIncrementGenerateTrigger>
</Column>
<Column name="ID_CLIENT" id="9F9C04C3-E839-B283-6072-E98BF61828BF">
<createdBy>root</createdBy>
<createdTime>2022-10-29 12:41:47 UTC</createdTime>
<ownerDesignName>3_CC2_GROUPE1_MPD_DM1</ownerDesignName>
<useDomainConstraints>false</useDomainConstraints>
<use>1</use>
<logicalDatatype>LOGDT019</logicalDatatype>
<ownDataTypeParameters>,,</ownDataTypeParameters>
<autoIncrementCycle>false</autoIncrementCycle>
<associations>
<colAssociation fkAssociation="FF27152F-545C-4BBB-0A00-A7D5EE4448A7" referredColumn="B2CFC9D9-A233-8199-1587-A5CB4E501FAF"/>
</associations>
</Column>
<Column name="ID_VELO" id="F5233B6B-2E67-C894-0BA6-6C9D48496C49">
<createdBy>root</createdBy>
<createdTime>2022-10-29 12:41:47 UTC</createdTime>
<ownerDesignName>3_CC2_GROUPE1_MPD_DM1</ownerDesignName>
<useDomainConstraints>false</useDomainConstraints>
<use>1</use>
<logicalDatatype>LOGDT019</logicalDatatype>
<ownDataTypeParameters>,,</ownDataTypeParameters>
<autoIncrementCycle>false</autoIncrementCycle>
<associations>
<colAssociation fkAssociation="05DA5E3F-1DCF-1CDC-38A0-B814F6EA0F23" referredColumn="2BBCAE52-74B2-C545-8664-9F6728A525A5"/>
</associations>
</Column>
<Column name="ID_TYPE_VELO" id="5DA58692-8FAE-5738-FB8A-28181BCEC8B9">
<createdBy>root</createdBy>
<createdTime>2022-10-29 12:41:47 UTC</createdTime>
<ownerDesignName>3_CC2_GROUPE1_MPD_DM1</ownerDesignName>
<useDomainConstraints>false</useDomainConstraints>
<use>1</use>
<logicalDatatype>LOGDT019</logicalDatatype>
<ownDataTypeParameters>,,</ownDataTypeParameters>
<autoIncrementCycle>false</autoIncrementCycle>
<associations>
<colAssociation fkAssociation="2BC77E99-2828-31CD-A48C-A739742623EC" referredColumn="915A6579-4769-952E-2C9C-433BD338BC8B"/>
</associations>
</Column>
<Column name="ID_STATION" id="9FAAD7F1-18EF-ECC1-0370-51AA264C4DB1">
<createdBy>root</createdBy>
<createdTime>2022-10-29 12:41:47 UTC</createdTime>
<ownerDesignName>3_CC2_GROUPE1_MPD_DM1</ownerDesignName>
<useDomainConstraints>false</useDomainConstraints>
<use>1</use>
<logicalDatatype>LOGDT019</logicalDatatype>
<ownDataTypeParameters>,,</ownDataTypeParameters>
<autoIncrementCycle>false</autoIncrementCycle>
<associations>
<colAssociation fkAssociation="4BE2C075-65B5-AAEA-B1F7-F0E62B86A447" referredColumn="5974FDF2-359D-0DAB-E9CD-AF0E2C972EE3"/>
</associations>
</Column>
<Column name="ID_LOCALISATION" id="3CE3E1A1-343A-BEE4-F2AF-BB47443AE280">
<createdBy>root</createdBy>
<createdTime>2022-10-29 12:41:47 UTC</createdTime>
<ownerDesignName>3_CC2_GROUPE1_MPD_DM1</ownerDesignName>
<useDomainConstraints>false</useDomainConstraints>
<use>1</use>
<logicalDatatype>LOGDT019</logicalDatatype>
<ownDataTypeParameters>,,</ownDataTypeParameters>
<autoIncrementCycle>false</autoIncrementCycle>
<associations>
<colAssociation fkAssociation="6CB6E82D-EB3E-222A-E70F-EDB2C9E10AC1" referredColumn="6FE86145-4863-53A4-25DF-8E2F9C4EE4EE"/>
</associations>
</Column>
<Column name="ID_REGION" id="C778C0BF-C36F-7606-0832-EE261094D1D9">
<createdBy>root</createdBy>
<createdTime>2022-10-29 12:41:47 UTC</createdTime>
<ownerDesignName>3_CC2_GROUPE1_MPD_DM1</ownerDesignName>
<useDomainConstraints>false</useDomainConstraints>
<use>1</use>
<logicalDatatype>LOGDT019</logicalDatatype>
<ownDataTypeParameters>,,</ownDataTypeParameters>
<autoIncrementCycle>false</autoIncrementCycle>
<associations>
<colAssociation fkAssociation="F41CC0FA-D0D7-22DB-833C-137F0D3A2EF8" referredColumn="1D2D54C1-E3D3-2692-624B-635FCA71FE79"/>
</associations>
</Column>
<Column name="ID_VILLE" id="0F31A75E-7CCC-F6C6-B382-65CAB6C2392B">
<createdBy>root</createdBy>
<createdTime>2022-10-29 12:42:20 UTC</createdTime>
<ownerDesignName>3_CC2_GROUPE1_MPD_DM1</ownerDesignName>
<useDomainConstraints>false</useDomainConstraints>
<use>1</use>
<logicalDatatype>LOGDT019</logicalDatatype>
<ownDataTypeParameters>,,</ownDataTypeParameters>
<autoIncrementCycle>false</autoIncrementCycle>
<associations>
<colAssociation fkAssociation="A904A9E3-41AA-85CD-39F8-CCBCD17EFF7B" referredColumn="87C739D8-61BA-B0CF-837C-DBD0C1CF9847"/>
</associations>
</Column>
<Column name="ID_DATE_DEBUT_LOCATION" id="0F371A82-86D9-D902-408F-C77D484E12A0">
<createdBy>root</createdBy>
<createdTime>2022-10-29 12:41:47 UTC</createdTime>
<ownerDesignName>3_CC2_GROUPE1_MPD_DM1</ownerDesignName>
<useDomainConstraints>false</useDomainConstraints>
<use>1</use>
<logicalDatatype>LOGDT019</logicalDatatype>
<ownDataTypeParameters>,,</ownDataTypeParameters>
<autoIncrementCycle>false</autoIncrementCycle>
<associations>
<colAssociation fkAssociation="0FB01AFD-0C9E-1EF2-0B07-CB5B3EE6B086" referredColumn="46D813CD-9C05-7121-B182-17E86D76D834"/>
</associations>
</Column>
<Column name="TEMPS_LOCATION" id="0234BE73-69E1-CA06-39B4-0F3354E38F3A">
<createdBy>root</createdBy>
<createdTime>2022-10-29 12:32:03 UTC</createdTime>
<ownerDesignName>3_CC2_GROUPE1_MPD_DM1</ownerDesignName>
<nullsAllowed>true</nullsAllowed>
<useDomainConstraints>false</useDomainConstraints>
<use>1</use>
<logicalDatatype>LogDes-1768A872-F385-FDBA-D95E-0CB63F5908E2@LOGDT10045</logicalDatatype>
<ownDataTypeParameters>,,</ownDataTypeParameters>
<autoIncrementCycle>false</autoIncrementCycle>
</Column>
<Column name="MONTANT_LOCATION" id="9531FF23-16BF-CBE5-439D-CA7E4863460F">
<createdBy>root</createdBy>
<createdTime>2022-10-29 12:37:09 UTC</createdTime>
<ownerDesignName>3_CC2_GROUPE1_MPD_DM1</ownerDesignName>
<nullsAllowed>true</nullsAllowed>
<useDomainConstraints>false</useDomainConstraints>
<use>1</use>
<logicalDatatype>LOGDT020</logicalDatatype>
<ownDataTypeParameters>,,</ownDataTypeParameters>
<autoIncrementCycle>false</autoIncrementCycle>
</Column>
<Column name="DATE_TRAITEMENT" id="12D41EB8-1647-6260-EE60-2980ED577546">
<createdBy>root</createdBy>
<createdTime>2022-10-29 12:32:03 UTC</createdTime>
<ownerDesignName>3_CC2_GROUPE1_MPD_DM1</ownerDesignName>
<nullsAllowed>true</nullsAllowed>
<useDomainConstraints>false</useDomainConstraints>
<use>1</use>
<logicalDatatype>LOGDT007</logicalDatatype>
<ownDataTypeParameters>,,</ownDataTypeParameters>
<autoIncrementCycle>false</autoIncrementCycle>
</Column>
</columns>
<indexes itemClass="oracle.dbtools.crest.model.design.relational.Index">
<ind_PK_UK id="963D2202-FD23-C41E-8564-DF33C5437842" name="FAIT_LOCATION_F_PK">
<createdBy>root</createdBy>
<createdTime>2022-10-29 12:30:11 UTC</createdTime>
<ownerDesignName>3_CC2_GROUPE1_MPD_DM1</ownerDesignName>
<pk>true</pk>
<indexState>Primary Constraint</indexState>
<isSurrogateKey>false</isSurrogateKey>
<indexColumnUsage>
<colUsage columnID="8813400E-FA01-2805-46E7-7F00CF365D31"/>
</indexColumnUsage>
</ind_PK_UK>
<ind_PK_UK id="01FBE7AC-5DF3-CB0B-05C0-7F132BEB7A19" name="FAIT_LOCATION_F_DIM_CLIENT_D_FK">
<createdBy>root</createdBy>
<createdTime>2022-10-29 12:42:36 UTC</createdTime>
<ownerDesignName>3_CC2_GROUPE1_MPD_DM1</ownerDesignName>
<indexState>Foreign Key</indexState>
<isSurrogateKey>false</isSurrogateKey>
<indexColumnUsage>
<colUsage columnID="9F9C04C3-E839-B283-6072-E98BF61828BF"/>
</indexColumnUsage>
</ind_PK_UK>
<ind_PK_UK id="2B47A829-E047-11AE-BFE6-B43F789A189A" name="FAIT_LOCATION_F_DIM_VELO_D_FK">
<createdBy>root</createdBy>
<createdTime>2022-10-29 12:43:19 UTC</createdTime>
<ownerDesignName>3_CC2_GROUPE1_MPD_DM1</ownerDesignName>
<indexState>Foreign Key</indexState>
<isSurrogateKey>false</isSurrogateKey>
<indexColumnUsage>
<colUsage columnID="F5233B6B-2E67-C894-0BA6-6C9D48496C49"/>
</indexColumnUsage>
</ind_PK_UK>
<ind_PK_UK id="58A93A23-5E03-C678-97E1-EB62B25EC1F7" name="FAIT_LOCATION_F_DIM_TYPE_VELO_D_FK">
<createdBy>root</createdBy>
<createdTime>2022-10-29 12:43:30 UTC</createdTime>
<ownerDesignName>3_CC2_GROUPE1_MPD_DM1</ownerDesignName>
<indexState>Foreign Key</indexState>
<isSurrogateKey>false</isSurrogateKey>
<indexColumnUsage>
<colUsage columnID="5DA58692-8FAE-5738-FB8A-28181BCEC8B9"/>
</indexColumnUsage>
</ind_PK_UK>
<ind_PK_UK id="636B1295-CEF8-BEFA-3699-BA67EBCECF21" name="FAIT_LOCATION_F_DIM_STATION_D_FK">
<createdBy>root</createdBy>
<createdTime>2022-10-29 12:43:44 UTC</createdTime>
<ownerDesignName>3_CC2_GROUPE1_MPD_DM1</ownerDesignName>
<indexState>Foreign Key</indexState>
<isSurrogateKey>false</isSurrogateKey>
<indexColumnUsage>
<colUsage columnID="9FAAD7F1-18EF-ECC1-0370-51AA264C4DB1"/>
</indexColumnUsage>
</ind_PK_UK>
<ind_PK_UK id="235E0A8D-D241-05D1-42F3-230D237CB240" name="FAIT_LOCATION_F_DIM_LOCALISATION_D_FK">
<createdBy>root</createdBy>
<createdTime>2022-10-29 12:43:53 UTC</createdTime>
<ownerDesignName>3_CC2_GROUPE1_MPD_DM1</ownerDesignName>
<indexState>Foreign Key</indexState>
<isSurrogateKey>false</isSurrogateKey>
<indexColumnUsage>
<colUsage columnID="3CE3E1A1-343A-BEE4-F2AF-BB47443AE280"/>
</indexColumnUsage>
</ind_PK_UK>
<ind_PK_UK id="889A28C3-7645-CA60-1F14-E49EAD45B41D" name="FAIT_LOCATION_F_DIM_REGION_D_FK">
<createdBy>root</createdBy>
<createdTime>2022-10-29 12:44:53 UTC</createdTime>
<ownerDesignName>3_CC2_GROUPE1_MPD_DM1</ownerDesignName>
<indexState>Foreign Key</indexState>
<isSurrogateKey>false</isSurrogateKey>
<indexColumnUsage>
<colUsage columnID="C778C0BF-C36F-7606-0832-EE261094D1D9"/>
</indexColumnUsage>
</ind_PK_UK>
<ind_PK_UK id="247C074C-57D0-5A47-EDE1-32A707E6F967" name="FAIT_LOCATION_F_DIM_VILLE_D_FK">
<createdBy>root</createdBy>
<createdTime>2022-10-29 12:45:01 UTC</createdTime>
<ownerDesignName>3_CC2_GROUPE1_MPD_DM1</ownerDesignName>
<indexState>Foreign Key</indexState>
<isSurrogateKey>false</isSurrogateKey>
<indexColumnUsage>
<colUsage columnID="0F31A75E-7CCC-F6C6-B382-65CAB6C2392B"/>
</indexColumnUsage>
</ind_PK_UK>
<ind_PK_UK id="143433B0-2ED6-60E0-BEBE-3C6D7DA379E4" name="FAIT_LOCATION_F_DIM_DATE_DEBUT_LOCATION_D_FK">
<createdBy>root</createdBy>
<createdTime>2022-10-29 12:45:11 UTC</createdTime>
<ownerDesignName>3_CC2_GROUPE1_MPD_DM1</ownerDesignName>
<indexState>Foreign Key</indexState>
<isSurrogateKey>false</isSurrogateKey>
<indexColumnUsage>
<colUsage columnID="0F371A82-86D9-D902-408F-C77D484E12A0"/>
</indexColumnUsage>
</ind_PK_UK>
</indexes>
</Table>