<?xml version = '1.0' encoding = 'UTF-8'?>
<Table class="oracle.dbtools.crest.model.design.relational.Table" directorySegmentName="seg_0" id="4404DF2B-26DB-852B-4F3B-54D71E26BFE1" schemaObject="A9CE7DAF-A47E-984C-784B-69605286B706" name="DIM_LOCALISATION_D">
<createdBy>root</createdBy>
<createdTime>2022-10-29 11:43:44 UTC</createdTime>
<ownerDesignName>3_CC2_GROUPE1_MPD_DM1</ownerDesignName>
<ordsAlias>table_7</ordsAlias>
<typeID>2</typeID>
<allowColumnReorder>false</allowColumnReorder>
<existDependencyGenerateInDDl>true</existDependencyGenerateInDDl>
<parsed>true</parsed>
<columns itemClass="oracle.dbtools.crest.model.design.relational.Column">
<Column name="ID_LOCALISATION" id="6FE86145-4863-53A4-25DF-8E2F9C4EE4EE">
<createdBy>root</createdBy>
<createdTime>2022-10-29 11:45:09 UTC</createdTime>
<ownerDesignName>3_CC2_GROUPE1_MPD_DM1</ownerDesignName>
<useDomainConstraints>false</useDomainConstraints>
<use>1</use>
<logicalDatatype>LOGDT019</logicalDatatype>
<ownDataTypeParameters>,,</ownDataTypeParameters>
<autoIncrementColumn>true</autoIncrementColumn>
<autoIncrementCycle>false</autoIncrementCycle>
<autoIncrementSequenceName>SEQ_LOCALISATION_D</autoIncrementSequenceName>
<autoIncrementGenerateTrigger>false</autoIncrementGenerateTrigger>
</Column>
<Column name="ID_LOCALISATION_SRC" id="901E1EF8-5724-C4E5-EFCB-C90BAFCCCF4C">
<createdBy>root</createdBy>
<createdTime>2022-10-29 11:45:09 UTC</createdTime>
<ownerDesignName>3_CC2_GROUPE1_MPD_DM1</ownerDesignName>
<nullsAllowed>true</nullsAllowed>
<useDomainConstraints>false</useDomainConstraints>
<use>1</use>
<logicalDatatype>LOGDT019</logicalDatatype>
<ownDataTypeParameters>,,</ownDataTypeParameters>
<autoIncrementCycle>false</autoIncrementCycle>
</Column>
<Column name="LONGITUDE" id="57EF9CCB-BAE7-7FBF-5173-487226044B0A">
<createdBy>root</createdBy>
<createdTime>2022-10-29 11:45:09 UTC</createdTime>
<ownerDesignName>3_CC2_GROUPE1_MPD_DM1</ownerDesignName>
<nullsAllowed>true</nullsAllowed>
<useDomainConstraints>false</useDomainConstraints>
<use>1</use>
<logicalDatatype>LOGDT019</logicalDatatype>
<dataTypePrecision>9</dataTypePrecision>
<dataTypeScale>6</dataTypeScale>
<ownDataTypeParameters>,9,6</ownDataTypeParameters>
<autoIncrementCycle>false</autoIncrementCycle>
</Column>
<Column name="LATITUDE" id="7F6DCA14-FB76-393F-F3A7-F254E6F30886">
<createdBy>root</createdBy>
<createdTime>2022-10-29 11:45:09 UTC</createdTime>
<ownerDesignName>3_CC2_GROUPE1_MPD_DM1</ownerDesignName>
<nullsAllowed>true</nullsAllowed>
<useDomainConstraints>false</useDomainConstraints>
<use>1</use>
<logicalDatatype>LOGDT019</logicalDatatype>
<dataTypePrecision>8</dataTypePrecision>
<dataTypeScale>6</dataTypeScale>
<ownDataTypeParameters>,8,6</ownDataTypeParameters>
<autoIncrementCycle>false</autoIncrementCycle>
</Column>
</columns>
<indexes itemClass="oracle.dbtools.crest.model.design.relational.Index">
<ind_PK_UK id="B7F32483-90F0-CAF7-2024-A34E31F237DC" name="DIM_LOCALISATION_D_PK">
<createdBy>root</createdBy>
<createdTime>2022-10-29 11:45:09 UTC</createdTime>
<ownerDesignName>3_CC2_GROUPE1_MPD_DM1</ownerDesignName>
<pk>true</pk>
<indexState>Primary Constraint</indexState>
<isSurrogateKey>false</isSurrogateKey>
<indexColumnUsage>
<colUsage columnID="6FE86145-4863-53A4-25DF-8E2F9C4EE4EE"/>
</indexColumnUsage>
</ind_PK_UK>
</indexes>
</Table>