<?xml version = '1.0' encoding = 'UTF-8'?>
<Table class="oracle.dbtools.crest.model.design.relational.Table" directorySegmentName="seg_0" id="6EA055D1-F290-BBB5-B1DA-596FC2D70AA0" schemaObject="4B95AA52-4F89-8373-8268-03E0B475EBFF" name="ODS_LOCATION">
<createdBy>root</createdBy>
<createdTime>2022-10-29 12:39:13 UTC</createdTime>
<ownerDesignName>3_CC2_GROUPE1_MPD_DM1</ownerDesignName>
<ordsAlias>table_15</ordsAlias>
<allowColumnReorder>false</allowColumnReorder>
<existDependencyGenerateInDDl>true</existDependencyGenerateInDDl>
<parsed>true</parsed>
<columns itemClass="oracle.dbtools.crest.model.design.relational.Column">
<Column name="ID_ODS_LOCATION" id="820F8F04-23D3-FCEF-7501-C9A0EC0840BA">
<createdBy>root</createdBy>
<createdTime>2022-10-29 12:39:27 UTC</createdTime>
<ownerDesignName>3_CC2_GROUPE1_MPD_DM1</ownerDesignName>
<useDomainConstraints>false</useDomainConstraints>
<use>1</use>
<logicalDatatype>LOGDT019</logicalDatatype>
<ownDataTypeParameters>,,</ownDataTypeParameters>
<autoIncrementColumn>true</autoIncrementColumn>
<autoIncrementCycle>false</autoIncrementCycle>
<autoIncrementSequenceName>SEQ_ODS_LOCATION</autoIncrementSequenceName>
<autoIncrementGenerateTrigger>false</autoIncrementGenerateTrigger>
</Column>
<Column name="ID_CLIENT" id="11D7F0A7-39EC-DD8C-9770-37FCDDA86036">
<createdBy>root</createdBy>
<createdTime>2022-10-29 13:21:18 UTC</createdTime>
<ownerDesignName>3_CC2_GROUPE1_MPD_DM1</ownerDesignName>
<nullsAllowed>true</nullsAllowed>
<useDomainConstraints>false</useDomainConstraints>
<use>1</use>
<logicalDatatype>LOGDT019</logicalDatatype>
<ownDataTypeParameters>,,</ownDataTypeParameters>
<autoIncrementCycle>false</autoIncrementCycle>
</Column>
<Column name="NUMERO_CLIENT" id="938A0F55-F64D-9EE3-35A4-6321130943B7">
<createdBy>root</createdBy>
<createdTime>2022-10-29 13:21:18 UTC</createdTime>
<ownerDesignName>3_CC2_GROUPE1_MPD_DM1</ownerDesignName>
<nullsAllowed>true</nullsAllowed>
<useDomainConstraints>false</useDomainConstraints>
<use>1</use>
<logicalDatatype>LOGDT019</logicalDatatype>
<ownDataTypeParameters>,,</ownDataTypeParameters>
<autoIncrementCycle>false</autoIncrementCycle>
</Column>
<Column name="PRENOM_CLIENT" id="004CB2CA-EE86-6939-B068-2EB313FE85DB">
<createdBy>root</createdBy>
<createdTime>2022-10-29 13:21:18 UTC</createdTime>
<ownerDesignName>3_CC2_GROUPE1_MPD_DM1</ownerDesignName>
<nullsAllowed>true</nullsAllowed>
<useDomainConstraints>false</useDomainConstraints>
<use>1</use>
<logicalDatatype>LOGDT024</logicalDatatype>
<dataTypeSize>100 CHAR</dataTypeSize>
<ownDataTypeParameters>100 CHAR,,</ownDataTypeParameters>
<autoIncrementCycle>false</autoIncrementCycle>
</Column>
<Column name="NOM_CLIENT" id="DF8DC771-EF3B-4BF3-85DC-E319F3D672B0">
<createdBy>root</createdBy>
<createdTime>2022-10-29 13:21:18 UTC</createdTime>
<ownerDesignName>3_CC2_GROUPE1_MPD_DM1</ownerDesignName>
<nullsAllowed>true</nullsAllowed>
<useDomainConstraints>false</useDomainConstraints>
<use>1</use>
<logicalDatatype>LOGDT024</logicalDatatype>
<dataTypeSize>100 CHAR</dataTypeSize>
<ownDataTypeParameters>100 CHAR,,</ownDataTypeParameters>
<autoIncrementCycle>false</autoIncrementCycle>
</Column>
<Column name="DATE_NAISSANCE" id="2007F8F1-EC16-A7E7-F07B-A49F23FB9C7B">
<createdBy>root</createdBy>
<createdTime>2022-10-29 13:21:18 UTC</createdTime>
<ownerDesignName>3_CC2_GROUPE1_MPD_DM1</ownerDesignName>
<nullsAllowed>true</nullsAllowed>
<useDomainConstraints>false</useDomainConstraints>
<use>1</use>
<logicalDatatype>LOGDT007</logicalDatatype>
<ownDataTypeParameters>,,</ownDataTypeParameters>
<autoIncrementCycle>false</autoIncrementCycle>
</Column>
<Column name="ID_VELO" id="2EAB0E81-8B0F-A8CA-8BB6-8E6B91DACF5D">
<createdBy>root</createdBy>
<createdTime>2022-10-29 13:27:22 UTC</createdTime>
<ownerDesignName>3_CC2_GROUPE1_MPD_DM1</ownerDesignName>
<nullsAllowed>true</nullsAllowed>
<useDomainConstraints>false</useDomainConstraints>
<use>1</use>
<logicalDatatype>LOGDT019</logicalDatatype>
<ownDataTypeParameters>,,</ownDataTypeParameters>
<autoIncrementCycle>false</autoIncrementCycle>
</Column>
<Column name="ID_BORNE" id="C4A6CBB6-FA8D-527B-AD6D-30022273C765">
<createdBy>root</createdBy>
<createdTime>2022-10-29 13:27:22 UTC</createdTime>
<ownerDesignName>3_CC2_GROUPE1_MPD_DM1</ownerDesignName>
<nullsAllowed>true</nullsAllowed>
<useDomainConstraints>false</useDomainConstraints>
<use>1</use>
<logicalDatatype>LOGDT019</logicalDatatype>
<ownDataTypeParameters>,,</ownDataTypeParameters>
<autoIncrementCycle>false</autoIncrementCycle>
</Column>
<Column name="CODE_VELO" id="38E36A6E-6862-B9EB-DAF9-37981A62CFF6">
<createdBy>root</createdBy>
<createdTime>2022-10-29 13:27:22 UTC</createdTime>
<ownerDesignName>3_CC2_GROUPE1_MPD_DM1</ownerDesignName>
<nullsAllowed>true</nullsAllowed>
<useDomainConstraints>false</useDomainConstraints>
<use>1</use>
<logicalDatatype>LOGDT024</logicalDatatype>
<dataTypeSize>10 CHAR</dataTypeSize>
<ownDataTypeParameters>10 CHAR,,</ownDataTypeParameters>
<autoIncrementCycle>false</autoIncrementCycle>
</Column>
<Column name="LIBELLE_VELO" id="67E5D4CF-DE13-1FF8-EF1C-B7340B9CC835">
<createdBy>root</createdBy>
<createdTime>2022-10-29 13:27:22 UTC</createdTime>
<ownerDesignName>3_CC2_GROUPE1_MPD_DM1</ownerDesignName>
<nullsAllowed>true</nullsAllowed>
<useDomainConstraints>false</useDomainConstraints>
<use>1</use>
<logicalDatatype>LOGDT024</logicalDatatype>
<dataTypeSize>100 CHAR</dataTypeSize>
<ownDataTypeParameters>100 CHAR,,</ownDataTypeParameters>
<autoIncrementCycle>false</autoIncrementCycle>
</Column>
<Column name="ID_TYPE_VELO" id="008C8BD6-9C7F-246F-1408-9C6408FC8820">
<createdBy>root</createdBy>
<createdTime>2022-10-29 13:27:22 UTC</createdTime>
<ownerDesignName>3_CC2_GROUPE1_MPD_DM1</ownerDesignName>
<nullsAllowed>true</nullsAllowed>
<useDomainConstraints>false</useDomainConstraints>
<use>1</use>
<logicalDatatype>LOGDT019</logicalDatatype>
<ownDataTypeParameters>,,</ownDataTypeParameters>
<autoIncrementCycle>false</autoIncrementCycle>
</Column>
<Column name="CODE_TYPE_VELO" id="4FE0D0EA-A49C-0ACE-CE57-DBDFA0322C12">
<createdBy>root</createdBy>
<createdTime>2022-10-29 13:27:22 UTC</createdTime>
<ownerDesignName>3_CC2_GROUPE1_MPD_DM1</ownerDesignName>
<nullsAllowed>true</nullsAllowed>
<useDomainConstraints>false</useDomainConstraints>
<use>1</use>
<logicalDatatype>LOGDT024</logicalDatatype>
<dataTypeSize>5 CHAR</dataTypeSize>
<ownDataTypeParameters>5 CHAR,,</ownDataTypeParameters>
<autoIncrementCycle>false</autoIncrementCycle>
</Column>
<Column name="LIBELLE_TYPE_VELO" id="8ECE8BA6-21E5-7019-B802-DF4045D9AF1C">
<createdBy>root</createdBy>
<createdTime>2022-10-29 13:27:22 UTC</createdTime>
<ownerDesignName>3_CC2_GROUPE1_MPD_DM1</ownerDesignName>
<nullsAllowed>true</nullsAllowed>
<useDomainConstraints>false</useDomainConstraints>
<use>1</use>
<logicalDatatype>LOGDT024</logicalDatatype>
<dataTypeSize>100 CHAR</dataTypeSize>
<ownDataTypeParameters>100 CHAR,,</ownDataTypeParameters>
<autoIncrementCycle>false</autoIncrementCycle>
</Column>
<Column name="ID_STATION" id="C6757101-11D8-DB6E-0DC3-B66BE300A3FA">
<createdBy>root</createdBy>
<createdTime>2022-10-29 13:27:22 UTC</createdTime>
<ownerDesignName>3_CC2_GROUPE1_MPD_DM1</ownerDesignName>
<nullsAllowed>true</nullsAllowed>
<useDomainConstraints>false</useDomainConstraints>
<use>1</use>
<logicalDatatype>LOGDT019</logicalDatatype>
<ownDataTypeParameters>,,</ownDataTypeParameters>
<autoIncrementCycle>false</autoIncrementCycle>
</Column>
<Column name="CODE_STATION" id="B5D5A102-42B5-BDDB-683B-D131C0725EC0">
<createdBy>root</createdBy>
<createdTime>2022-10-29 13:27:22 UTC</createdTime>
<ownerDesignName>3_CC2_GROUPE1_MPD_DM1</ownerDesignName>
<nullsAllowed>true</nullsAllowed>
<useDomainConstraints>false</useDomainConstraints>
<use>1</use>
<logicalDatatype>LOGDT024</logicalDatatype>
<dataTypeSize>5 CHAR</dataTypeSize>
<ownDataTypeParameters>5 CHAR,,</ownDataTypeParameters>
<autoIncrementCycle>false</autoIncrementCycle>
</Column>
<Column name="LIBELLE_STATION" id="1D028DF8-A697-E80E-3F4C-9EBDBB9AF922">
<createdBy>root</createdBy>
<createdTime>2022-10-29 13:27:22 UTC</createdTime>
<ownerDesignName>3_CC2_GROUPE1_MPD_DM1</ownerDesignName>
<nullsAllowed>true</nullsAllowed>
<useDomainConstraints>false</useDomainConstraints>
<use>1</use>
<logicalDatatype>LOGDT024</logicalDatatype>
<dataTypeSize>100 CHAR</dataTypeSize>
<ownDataTypeParameters>100 CHAR,,</ownDataTypeParameters>
<autoIncrementCycle>false</autoIncrementCycle>
</Column>
<Column name="CAPACITE" id="C8F9B13C-BDF2-1037-6B14-B04D91FD96E8">
<createdBy>root</createdBy>
<createdTime>2022-10-29 13:27:22 UTC</createdTime>
<ownerDesignName>3_CC2_GROUPE1_MPD_DM1</ownerDesignName>
<nullsAllowed>true</nullsAllowed>
<useDomainConstraints>false</useDomainConstraints>
<use>1</use>
<logicalDatatype>LOGDT019</logicalDatatype>
<ownDataTypeParameters>,,</ownDataTypeParameters>
<autoIncrementCycle>false</autoIncrementCycle>
</Column>
<Column name="DATE_MISE_EN_SERVICE" id="F8792CA7-BF43-8F42-E048-7476BE4BA9F1">
<createdBy>root</createdBy>
<createdTime>2022-10-29 13:27:22 UTC</createdTime>
<ownerDesignName>3_CC2_GROUPE1_MPD_DM1</ownerDesignName>
<nullsAllowed>true</nullsAllowed>
<useDomainConstraints>false</useDomainConstraints>
<use>1</use>
<logicalDatatype>LOGDT007</logicalDatatype>
<ownDataTypeParameters>,,</ownDataTypeParameters>
<autoIncrementCycle>false</autoIncrementCycle>
</Column>
<Column name="ID_LOCALISATION" id="0057D04A-2AB6-1D61-E67E-CA97AA5D323E">
<createdBy>root</createdBy>
<createdTime>2022-10-29 13:27:22 UTC</createdTime>
<ownerDesignName>3_CC2_GROUPE1_MPD_DM1</ownerDesignName>
<nullsAllowed>true</nullsAllowed>
<useDomainConstraints>false</useDomainConstraints>
<use>1</use>
<logicalDatatype>LOGDT019</logicalDatatype>
<ownDataTypeParameters>,,</ownDataTypeParameters>
<autoIncrementCycle>false</autoIncrementCycle>
</Column>
<Column name="LONGITUDE" id="9147F748-89C6-E6DD-89D9-5399C1D00DD3">
<createdBy>root</createdBy>
<createdTime>2022-10-29 13:27:22 UTC</createdTime>
<ownerDesignName>3_CC2_GROUPE1_MPD_DM1</ownerDesignName>
<nullsAllowed>true</nullsAllowed>
<useDomainConstraints>false</useDomainConstraints>
<use>1</use>
<logicalDatatype>LOGDT019</logicalDatatype>
<dataTypePrecision>9</dataTypePrecision>
<dataTypeScale>6</dataTypeScale>
<ownDataTypeParameters>,9,6</ownDataTypeParameters>
<autoIncrementCycle>false</autoIncrementCycle>
</Column>
<Column name="LATITUDE" id="85062F17-AA2F-7B79-E5CB-F1E2EF726B2B">
<createdBy>root</createdBy>
<createdTime>2022-10-29 13:27:22 UTC</createdTime>
<ownerDesignName>3_CC2_GROUPE1_MPD_DM1</ownerDesignName>
<nullsAllowed>true</nullsAllowed>
<useDomainConstraints>false</useDomainConstraints>
<use>1</use>
<logicalDatatype>LOGDT019</logicalDatatype>
<dataTypePrecision>8</dataTypePrecision>
<dataTypeScale>6</dataTypeScale>
<ownDataTypeParameters>,8,6</ownDataTypeParameters>
<autoIncrementCycle>false</autoIncrementCycle>
</Column>
<Column name="ID_REGION" id="D1854FA1-C3A6-650E-EE83-7FF4936F944C">
<createdBy>root</createdBy>
<createdTime>2022-10-29 13:27:22 UTC</createdTime>
<ownerDesignName>3_CC2_GROUPE1_MPD_DM1</ownerDesignName>
<nullsAllowed>true</nullsAllowed>
<useDomainConstraints>false</useDomainConstraints>
<use>1</use>
<logicalDatatype>LOGDT019</logicalDatatype>
<ownDataTypeParameters>,,</ownDataTypeParameters>
<autoIncrementCycle>false</autoIncrementCycle>
</Column>
<Column name="CODE_REGION" id="38DE7E2D-2308-9493-DC7F-D79EE3633C4E">
<createdBy>root</createdBy>
<createdTime>2022-10-29 13:27:22 UTC</createdTime>
<ownerDesignName>3_CC2_GROUPE1_MPD_DM1</ownerDesignName>
<nullsAllowed>true</nullsAllowed>
<useDomainConstraints>false</useDomainConstraints>
<use>1</use>
<logicalDatatype>LOGDT024</logicalDatatype>
<dataTypeSize>5 CHAR</dataTypeSize>
<ownDataTypeParameters>5 CHAR,,</ownDataTypeParameters>
<autoIncrementCycle>false</autoIncrementCycle>
</Column>
<Column name="NOM_REGION" id="CCD8D196-7410-2F61-4785-46D17672C259">
<createdBy>root</createdBy>
<createdTime>2022-10-29 13:27:22 UTC</createdTime>
<ownerDesignName>3_CC2_GROUPE1_MPD_DM1</ownerDesignName>
<nullsAllowed>true</nullsAllowed>
<useDomainConstraints>false</useDomainConstraints>
<use>1</use>
<logicalDatatype>LOGDT024</logicalDatatype>
<dataTypeSize>100 CHAR</dataTypeSize>
<ownDataTypeParameters>100 CHAR,,</ownDataTypeParameters>
<autoIncrementCycle>false</autoIncrementCycle>
</Column>
<Column name="ID_VILLE" id="DE9FF2D6-AE2B-46F3-9AF7-D5A7542F964A">
<createdBy>root</createdBy>
<createdTime>2022-10-29 13:27:22 UTC</createdTime>
<ownerDesignName>3_CC2_GROUPE1_MPD_DM1</ownerDesignName>
<nullsAllowed>true</nullsAllowed>
<useDomainConstraints>false</useDomainConstraints>
<use>1</use>
<logicalDatatype>LOGDT019</logicalDatatype>
<ownDataTypeParameters>,,</ownDataTypeParameters>
<autoIncrementCycle>false</autoIncrementCycle>
</Column>
<Column name="CODE_POSTAL" id="13BE73DD-122F-47F0-D14C-D8E4BFC51A80">
<createdBy>root</createdBy>
<createdTime>2022-10-29 13:27:22 UTC</createdTime>
<ownerDesignName>3_CC2_GROUPE1_MPD_DM1</ownerDesignName>
<nullsAllowed>true</nullsAllowed>
<useDomainConstraints>false</useDomainConstraints>
<use>1</use>
<logicalDatatype>LOGDT024</logicalDatatype>
<dataTypeSize>5 CHAR</dataTypeSize>
<ownDataTypeParameters>5 CHAR,,</ownDataTypeParameters>
<autoIncrementCycle>false</autoIncrementCycle>
</Column>
<Column name="VILLE" id="763C4EF5-3CCC-379F-4D2E-CCDE8FEE33C5">
<createdBy>root</createdBy>
<createdTime>2022-10-29 13:28:06 UTC</createdTime>
<ownerDesignName>3_CC2_GROUPE1_MPD_DM1</ownerDesignName>
<nullsAllowed>true</nullsAllowed>
<useDomainConstraints>false</useDomainConstraints>
<use>1</use>
<logicalDatatype>LOGDT024</logicalDatatype>
<dataTypeSize>100 CHAR</dataTypeSize>
<ownDataTypeParameters>100 CHAR,,</ownDataTypeParameters>
<autoIncrementCycle>false</autoIncrementCycle>
</Column>
<Column name="DATE_DEBUT_LOCATION" id="44548A1F-BF07-89BC-5F0B-7B97A4DDA6D8">
<createdBy>root</createdBy>
<createdTime>2022-10-29 13:28:06 UTC</createdTime>
<ownerDesignName>3_CC2_GROUPE1_MPD_DM1</ownerDesignName>
<nullsAllowed>true</nullsAllowed>
<useDomainConstraints>false</useDomainConstraints>
<use>1</use>
<logicalDatatype>LOGDT007</logicalDatatype>
<ownDataTypeParameters>,,</ownDataTypeParameters>
<autoIncrementCycle>false</autoIncrementCycle>
</Column>
<Column name="DATE_FIN_LOCATION" id="C6BCCF93-9854-51D4-3F20-3B32C1C3C9B2">
<createdBy>root</createdBy>
<createdTime>2022-11-21 14:18:13 UTC</createdTime>
<ownerDesignName>3_CC2_GROUPE1_MPD_DM1</ownerDesignName>
<nullsAllowed>true</nullsAllowed>
<useDomainConstraints>false</useDomainConstraints>
<use>1</use>
<logicalDatatype>LOGDT007</logicalDatatype>
<ownDataTypeParameters>,,</ownDataTypeParameters>
<autoIncrementCycle>false</autoIncrementCycle>
</Column>
<Column name="DATE_TRAITEMENT" id="B259F99E-9CC4-79B7-F490-4A9B28CBF4A9">
<createdBy>root</createdBy>
<createdTime>2022-10-29 13:31:23 UTC</createdTime>
<ownerDesignName>3_CC2_GROUPE1_MPD_DM1</ownerDesignName>
<nullsAllowed>true</nullsAllowed>
<useDomainConstraints>false</useDomainConstraints>
<use>1</use>
<logicalDatatype>LOGDT007</logicalDatatype>
<ownDataTypeParameters>,,</ownDataTypeParameters>
<autoIncrementCycle>false</autoIncrementCycle>
</Column>
</columns>
<indexes itemClass="oracle.dbtools.crest.model.design.relational.Index">
<ind_PK_UK id="5670FF49-5840-392C-54DE-53DC536F52FC" name="ODS_LOCATION_PK">
<createdBy>root</createdBy>
<createdTime>2022-10-29 13:16:22 UTC</createdTime>
<ownerDesignName>3_CC2_GROUPE1_MPD_DM1</ownerDesignName>
<pk>true</pk>
<indexState>Primary Constraint</indexState>
<isSurrogateKey>false</isSurrogateKey>
<indexColumnUsage>
<colUsage columnID="820F8F04-23D3-FCEF-7501-C9A0EC0840BA"/>
</indexColumnUsage>
</ind_PK_UK>
</indexes>
</Table>