<?xml version = '1.0' encoding = 'UTF-8'?>
<Diagram class="oracle.dbtools.crest.swingui.relational.DPVRelational" name="4_CC2_GROUPE1_MPD_DM2" id="76FE4068-DF34-B691-2583-35D10DF7CCF2">
<createdBy>root</createdBy>
<modifiedBy>root</modifiedBy>
<createdTime>2022-10-29 13:45:56 UTC</createdTime>
<autoRoute>false</autoRoute>
<boxInbox>true</boxInbox>
<showLegend>false</showLegend>
<showLabels>false</showLabels>
<showRelAttributes>false</showRelAttributes>
<gridEnabled>false</gridEnabled>
<showGrid>false</showGrid>
<diagramColor>-1</diagramColor>
<display>false</display>
<notation>1</notation>
<objectViews>
<OView class="oracle.dbtools.crest.swingui.relational.TVTable" oid="21780D7D-1072-76B8-A126-631E155C6153" otype="Table" vid="536687C2-C381-1CA1-3461-593A304DE458">
<hideElementsInCurrentOnly>false</hideElementsInCurrentOnly>
<bounds x="706" y="727" width="294" height="126"/>
</OView>
<OView class="oracle.dbtools.crest.swingui.relational.TVTable" oid="28E4A610-105C-447C-DFE3-7875A6010DD6" otype="Table" vid="5C05BE23-3938-70BD-5C10-E9C1039B2680">
<hideElementsInCurrentOnly>false</hideElementsInCurrentOnly>
<bounds x="1037" y="642" width="255" height="100"/>
</OView>
<OView class="oracle.dbtools.crest.swingui.relational.TVTable" oid="3C21E94E-5723-F913-6F2D-2E8E4EBA338F" otype="Table" vid="B6AB1501-073B-2578-AF8C-BDAE6AA27487">
<hideElementsInCurrentOnly>false</hideElementsInCurrentOnly>
<bounds x="115" y="508" width="282" height="122"/>
</OView>
<OView class="oracle.dbtools.crest.swingui.relational.TVTable" oid="42948BD0-56FE-673A-BCD4-F8D1D7CC7CA1" otype="Table" vid="FDD9203D-B9EE-9B65-F415-B65E707CCF7B">
<hideElementsInCurrentOnly>false</hideElementsInCurrentOnly>
<bounds x="532" y="281" width="430" height="377"/>
</OView>
<OView class="oracle.dbtools.crest.swingui.relational.TVTable" oid="45DE4FCA-FD50-2821-7849-5A6A6ED2A2BD" otype="Table" vid="BABE1C0F-A7DA-D637-4810-396B84F08DA9">
<hideElementsInCurrentOnly>false</hideElementsInCurrentOnly>
<bounds x="0" y="308" width="432" height="135"/>
</OView>
<OView class="oracle.dbtools.crest.swingui.relational.TVTable" oid="6B40A22C-9B0C-169D-75EE-547D0924E6BB" otype="Table" vid="C1346DCD-F9D6-264E-632E-3429B2D84D9D">
<hideElementsInCurrentOnly>false</hideElementsInCurrentOnly>
<bounds x="497" y="874" width="391" height="534"/>
</OView>
<OView class="oracle.dbtools.crest.swingui.relational.TVTable" oid="9ABCD519-69E6-75FF-14BB-02412C8B658C" otype="Table" vid="CA3664F1-5279-0A33-802E-182994AAD970">
<hideElementsInCurrentOnly>false</hideElementsInCurrentOnly>
<bounds x="608" y="68" width="330" height="96"/>
</OView>
<OView class="oracle.dbtools.crest.swingui.relational.TVTable" oid="BA283755-980C-C318-3557-26239920C5D9" otype="Table" vid="15288165-4D89-572F-5E74-E2BFC9A5D9A7">
<hideElementsInCurrentOnly>false</hideElementsInCurrentOnly>
<bounds x="209" y="48" width="247" height="119"/>
</OView>
<OView class="oracle.dbtools.crest.swingui.relational.TVTable" oid="BFE440C9-314D-0F59-A955-9A21A701EF6D" otype="Table" vid="05E08E7B-6591-B2D4-4327-15CEF6715C11">
<hideElementsInCurrentOnly>false</hideElementsInCurrentOnly>
<bounds x="1078" y="115" width="279" height="111"/>
</OView>
<OView class="oracle.dbtools.crest.swingui.relational.TVTable" oid="C2B00C8F-D2D4-24A7-928B-D8F3AD25B4D5" otype="Table" vid="FEBF754B-8FEA-D5B5-B842-FDD32768DAED">
<hideElementsInCurrentOnly>false</hideElementsInCurrentOnly>
<bounds x="20" y="876" width="391" height="534"/>
</OView>
<OView class="oracle.dbtools.crest.swingui.relational.TVTable" oid="C9879578-CE7E-CE95-6F19-90FE8D7879AC" otype="Table" vid="9A3CFCBE-CD3B-73CF-2175-EC60E5340881">
<hideElementsInCurrentOnly>false</hideElementsInCurrentOnly>
<bounds x="338" y="702" width="324" height="141"/>
</OView>
<OView class="oracle.dbtools.crest.swingui.relational.TVTable" oid="E2C72A72-7C67-E4B2-F0D6-04597B707CDE" otype="Table" vid="F646A48A-0F36-5FC1-0427-04887550BF16">
<hideElementsInCurrentOnly>false</hideElementsInCurrentOnly>
<bounds x="982" y="878" width="391" height="534"/>
</OView>
<OView class="oracle.dbtools.crest.swingui.relational.TVTable" oid="F21E2DB0-6CA7-28C2-BA45-2BB6EBBC7EED" otype="Table" vid="4F40CB0A-39C6-F78E-7A04-A283118D57EB">
<hideElementsInCurrentOnly>false</hideElementsInCurrentOnly>
<bounds x="1063" y="347" width="313" height="169"/>
</OView>
</objectViews>
<connectors>
<Connector class="oracle.dbtools.crest.swingui.relational.TVFKRelation" oid="1204EAD0-E4E9-4AFE-6809-FCDBE066E34F" otype="FKIndexAssociation" vid_source="5C05BE23-3938-70BD-5C10-E9C1039B2680" vid_target="FDD9203D-B9EE-9B65-F415-B65E707CCF7B">
<hideElementsInCurrentOnly>false</hideElementsInCurrentOnly>
<backgroundColor>-16777216</backgroundColor>
<lineWidth>1</lineWidth>
<points>
<point x="1037" y="650"/>
<point x="962" y="650"/>
</points>
</Connector>
<Connector class="oracle.dbtools.crest.swingui.relational.TVFKRelation" oid="2B5C4B4B-CF11-4DA4-B4EE-FB82DB27270E" otype="FKIndexAssociation" vid_source="B6AB1501-073B-2578-AF8C-BDAE6AA27487" vid_target="FDD9203D-B9EE-9B65-F415-B65E707CCF7B">
<hideElementsInCurrentOnly>false</hideElementsInCurrentOnly>
<backgroundColor>-16777216</backgroundColor>
<lineWidth>1</lineWidth>
<points>
<point x="397" y="569"/>
<point x="532" y="569"/>
</points>
</Connector>
<Connector class="oracle.dbtools.crest.swingui.relational.TVFKRelation" oid="32F5B60E-B4F0-9D2A-77C3-249AA9D41C13" otype="FKIndexAssociation" vid_source="BABE1C0F-A7DA-D637-4810-396B84F08DA9" vid_target="FDD9203D-B9EE-9B65-F415-B65E707CCF7B">
<hideElementsInCurrentOnly>false</hideElementsInCurrentOnly>
<backgroundColor>-16777216</backgroundColor>
<lineWidth>1</lineWidth>
<points>
<point x="432" y="390"/>
<point x="532" y="390"/>
</points>
</Connector>
<Connector class="oracle.dbtools.crest.swingui.relational.TVFKRelation" oid="54F4E3C9-F610-83A5-1D46-D4AD4000DCD8" otype="FKIndexAssociation" vid_source="4F40CB0A-39C6-F78E-7A04-A283118D57EB" vid_target="FDD9203D-B9EE-9B65-F415-B65E707CCF7B">
<hideElementsInCurrentOnly>false</hideElementsInCurrentOnly>
<backgroundColor>-16777216</backgroundColor>
<lineWidth>1</lineWidth>
<points>
<point x="1063" y="431"/>
<point x="962" y="431"/>
</points>
</Connector>
<Connector class="oracle.dbtools.crest.swingui.relational.TVFKRelation" oid="6F42E26F-799D-668A-7154-B097822D43D2" otype="FKIndexAssociation" vid_source="536687C2-C381-1CA1-3461-593A304DE458" vid_target="FDD9203D-B9EE-9B65-F415-B65E707CCF7B">
<hideElementsInCurrentOnly>false</hideElementsInCurrentOnly>
<backgroundColor>-16777216</backgroundColor>
<lineWidth>1</lineWidth>
<points>
<point x="834" y="727"/>
<point x="834" y="658"/>
</points>
</Connector>
<Connector class="oracle.dbtools.crest.swingui.relational.TVFKRelation" oid="8A7A5975-0C80-3163-CA1A-39C24DC28069" otype="FKIndexAssociation" vid_source="9A3CFCBE-CD3B-73CF-2175-EC60E5340881" vid_target="FDD9203D-B9EE-9B65-F415-B65E707CCF7B">
<hideElementsInCurrentOnly>false</hideElementsInCurrentOnly>
<backgroundColor>-16777216</backgroundColor>
<lineWidth>1</lineWidth>
<points>
<point x="612" y="702"/>
<point x="612" y="658"/>
</points>
</Connector>
<Connector class="oracle.dbtools.crest.swingui.relational.TVFKRelation" oid="A2FC9E62-8FBF-C262-30FB-C23A91D3BFE2" otype="FKIndexAssociation" vid_source="CA3664F1-5279-0A33-802E-182994AAD970" vid_target="FDD9203D-B9EE-9B65-F415-B65E707CCF7B">
<hideElementsInCurrentOnly>false</hideElementsInCurrentOnly>
<backgroundColor>-16777216</backgroundColor>
<lineWidth>1</lineWidth>
<points>
<point x="773" y="164"/>
<point x="773" y="281"/>
</points>
</Connector>
<Connector class="oracle.dbtools.crest.swingui.relational.TVFKRelation" oid="ACF991D9-ED6E-51BF-EC09-7DF1D4AE52D8" otype="FKIndexAssociation" vid_source="15288165-4D89-572F-5E74-E2BFC9A5D9A7" vid_target="FDD9203D-B9EE-9B65-F415-B65E707CCF7B">
<hideElementsInCurrentOnly>false</hideElementsInCurrentOnly>
<backgroundColor>-16777216</backgroundColor>
<lineWidth>1</lineWidth>
<points>
<point x="400" y="167"/>
<point x="532" y="281"/>
</points>
</Connector>
<Connector class="oracle.dbtools.crest.swingui.relational.TVFKRelation" oid="AD8DB898-9201-0592-DDBE-758EE8D6F43C" otype="FKIndexAssociation" vid_source="05E08E7B-6591-B2D4-4327-15CEF6715C11" vid_target="FDD9203D-B9EE-9B65-F415-B65E707CCF7B">
<hideElementsInCurrentOnly>false</hideElementsInCurrentOnly>
<backgroundColor>-16777216</backgroundColor>
<lineWidth>1</lineWidth>
<points>
<point x="1130" y="226"/>
<point x="962" y="332"/>
</points>
</Connector>
</connectors>
</Diagram>