<?xml version = '1.0' encoding = 'UTF-8'?>
<relationalModel class="oracle.dbtools.crest.model.design.relational.RelationalDesign" name="4_CC2_GROUPE1_MPD_DM2" id="1EC369FE-6D04-B552-BB6C-0C0DFCF85DAB" mainViewID="76FE4068-DF34-B691-2583-35D10DF7CCF2">
<createdBy>root</createdBy>
<createdTime>2022-10-29 13:45:45 UTC</createdTime>
<ownerDesignName>DSID_BTM_WRK_DM2</ownerDesignName>
<shouldBeOpen>true</shouldBeOpen>
<selectedRDBMSSite>32076570-2523-435C-2E92-BF29817DFF70</selectedRDBMSSite>
</relationalModel>